team_home,team_away,home_goals_avg,away_goals_avg,home_wins_pct,away_wins_pct,outcome
Team39,Team29,0.96,2.45,0.66,0.57,0
Team23,Team11,1.65,1.33,0.39,0.69,1
Team2,Team25,2.58,1.03,0.41,0.41,2
Team12,Team23,0.52,0.56,0.61,0.54,1
Team28,Team16,1.08,0.73,0.67,0.53,2
Team3,Team38,2.02,0.93,0.34,0.87,2
Team14,Team9,0.54,1.08,0.44,0.71,0
Team44,Team8,0.59,2.77,0.46,0.7,0
Team2,Team7,1.02,1.92,0.32,0.81,0
Team44,Team34,1.49,2.82,0.74,0.5,0
Team14,Team24,1.8,2.9,0.81,0.75,0
Team47,Team24,1.39,1.2,0.63,0.38,2
Team15,Team46,0.69,2.97,0.76,0.42,0
Team24,Team11,1.0,2.28,0.77,0.66,0
Team42,Team39,2.13,2.79,0.81,0.57,0
Team33,Team49,1.43,2.17,0.7,0.65,0
Team22,Team28,1.9,1.46,0.88,0.81,2
Team5,Team27,1.09,1.14,0.32,0.73,0
Team26,Team43,1.6,1.0,0.84,0.59,2
Team32,Team4,2.77,1.12,0.55,0.75,2
Team36,Team13,0.69,1.22,0.4,0.86,0
Team45,Team6,1.64,1.05,0.55,0.83,2
Team28,Team25,1.3,0.78,0.44,0.56,2
Team13,Team42,1.26,0.91,0.62,0.59,2
Team33,Team43,1.34,2.86,0.49,0.61,0
Team41,Team50,0.66,1.13,0.45,0.72,0
Team3,Team50,0.87,2.99,0.46,0.89,0
Team28,Team23,1.2,2.77,0.44,0.39,0
Team44,Team26,2.96,1.11,0.7,0.76,2
Team17,Team39,1.42,2.08,0.68,0.62,0
Team48,Team16,2.59,1.3,0.41,0.32,2
Team20,Team37,0.54,1.78,0.44,0.69,0
Team41,Team33,1.49,1.79,0.8,0.71,1
Team25,Team23,1.85,2.24,0.44,0.4,0
Team48,Team50,1.1,0.73,0.84,0.84,2
Team9,Team42,1.37,2.31,0.84,0.83,0
Team33,Team24,2.63,2.84,0.77,0.7,1
Team35,Team49,0.75,2.16,0.3,0.4,0
Team18,Team2,2.23,2.13,0.43,0.73,1
Team33,Team14,1.31,2.37,0.69,0.81,0
Team17,Team34,1.86,1.77,0.68,0.45,2
Team30,Team39,2.95,1.72,0.84,0.56,2
Team21,Team31,2.11,2.17,0.82,0.44,2
Team48,Team19,1.93,2.42,0.33,0.9,0
Team30,Team29,1.2,2.71,0.75,0.87,0
Team29,Team50,1.88,1.93,0.89,0.35,2
Team21,Team33,2.63,1.29,0.4,0.63,2
Team31,Team3,1.93,0.74,0.67,0.89,2
Team2,Team28,1.24,1.31,0.81,0.38,2
Team48,Team39,1.23,2.52,0.79,0.82,0
Team13,Team7,1.75,2.5,0.69,0.72,0
Team16,Team14,2.73,1.34,0.53,0.36,2
Team23,Team22,1.32,0.89,0.89,0.8,2
Team22,Team50,0.59,2.56,0.52,0.38,0
Team33,Team8,2.42,1.04,0.67,0.35,2
Team45,Team32,1.83,1.85,0.68,0.74,1
Team13,Team43,1.31,2.49,0.46,0.56,0
Team26,Team38,0.96,0.7,0.56,0.71,1
Team1,Team2,1.61,1.1,0.36,0.41,2
Team45,Team1,2.89,2.34,0.63,0.67,2
Team3,Team13,1.92,0.9,0.37,0.51,2
Team28,Team5,0.74,1.28,0.89,0.41,1
Team16,Team27,2.41,2.52,0.51,0.58,1
Team37,Team23,0.62,2.87,0.83,0.46,0
Team10,Team20,1.76,2.64,0.7,0.4,0
Team24,Team16,2.11,0.57,0.65,0.86,2
Team24,Team12,1.47,2.11,0.57,0.63,0
Team37,Team12,1.47,2.9,0.84,0.42,0
Team13,Team12,0.75,0.55,0.36,0.71,1
Team17,Team27,1.3,2.61,0.31,0.79,0
Team41,Team7,0.8,2.24,0.68,0.83,0
Team36,Team25,2.51,1.21,0.41,0.75,2
Team35,Team50,2.33,0.82,0.45,0.65,2
Team23,Team33,2.65,1.57,0.75,0.75,2
Team41,Team30,2.76,1.76,0.8,0.49,2
Team19,Team50,0.63,2.9,0.81,0.51,0
Team28,Team14,2.19,1.71,0.6,0.35,2
Team5,Team36,2.01,1.88,0.43,0.87,0
Team16,Team40,0.73,1.74,0.33,0.63,0
Team5,Team36,2.72,1.38,0.37,0.39,2
Team10,Team45,2.67,2.6,0.56,0.43,1
Team9,Team28,2.27,0.7,0.35,0.89,2
Team48,Team45,1.43,2.53,0.87,0.89,0
Team4,Team37,1.44,0.71,0.77,0.64,2
Team27,Team10,2.77,0.78,0.6,0.31,2
Team28,Team20,0.8,0.79,0.69,0.75,1
Team13,Team29,2.91,1.44,0.47,0.82,2
Team38,Team6,2.51,2.94,0.63,0.49,1
Team16,Team22,2.98,0.68,0.63,0.88,2
Team18,Team48,2.07,2.24,0.57,0.68,1
Team3,Team17,2.34,2.79,0.88,0.33,1
Team38,Team12,0.77,1.34,0.4,0.69,0
Team8,Team29,0.69,2.94,0.89,0.72,0
Team17,Team9,1.27,2.53,0.71,0.4,0
Team46,Team35,2.56,2.87,0.74,0.67,1
Team2,Team11,2.83,2.67,0.33,0.32,1
Team33,Team1,1.7,2.96,0.53,0.75,0
Team25,Team22,2.57,1.92,0.34,0.32,2
Team1,Team22,0.64,2.66,0.79,0.9,0
Team38,Team3,1.89,2.42,0.87,0.81,0
Team17,Team22,1.63,0.82,0.87,0.66,2
Team1,Team50,2.39,0.62,0.46,0.31,2
Team34,Team3,1.8,2.63,0.63,0.64,0
Team30,Team17,0.84,0.57,0.75,0.67,2
Team2,Team12,1.03,0.84,0.31,0.51,1
Team34,Team18,1.48,1.59,0.84,0.51,1
Team38,Team33,2.46,1.49,0.67,0.82,2
Team5,Team30,0.87,2.82,0.6,0.45,0
Team24,Team5,2.95,1.73,0.5,0.68,2
Team48,Team11,0.69,0.82,0.38,0.39,1
Team16,Team8,0.95,2.24,0.55,0.82,0
Team27,Team30,2.93,2.0,0.43,0.79,2
Team18,Team29,1.37,0.58,0.63,0.62,2
Team12,Team27,2.74,0.82,0.5,0.49,2
Team26,Team48,2.07,0.7,0.82,0.85,2
Team17,Team27,2.67,0.71,0.66,0.89,2
Team47,Team22,1.09,2.4,0.62,0.73,0
Team26,Team14,0.87,0.83,0.71,0.81,1
Team43,Team48,0.58,2.67,0.51,0.54,0
Team25,Team38,0.96,1.91,0.8,0.35,0
Team44,Team25,2.73,1.98,0.71,0.77,2
Team45,Team18,0.72,1.84,0.65,0.75,0
Team49,Team44,0.82,1.21,0.52,0.69,0
Team34,Team46,1.33,2.83,0.3,0.44,0
Team6,Team49,0.9,0.97,0.47,0.4,1
Team9,Team3,1.81,1.53,0.89,0.37,2
Team2,Team21,2.92,2.66,0.79,0.45,2
Team38,Team2,1.89,1.93,0.47,0.76,0
Team6,Team27,1.31,1.56,0.6,0.45,1
Team47,Team1,2.03,1.22,0.65,0.39,2
Team36,Team13,1.83,0.63,0.5,0.38,2
Team23,Team10,2.97,1.31,0.79,0.45,2
Team37,Team9,2.4,1.99,0.58,0.55,2
Team30,Team32,2.82,2.58,0.88,0.37,2
Team11,Team9,1.01,1.45,0.86,0.73,0
Team29,Team8,2.57,2.38,0.78,0.8,1
Team37,Team5,1.09,2.08,0.84,0.49,0
Team42,Team25,2.21,1.63,0.73,0.84,2
Team38,Team33,2.37,1.76,0.44,0.84,1
Team2,Team15,0.67,1.07,0.63,0.56,0
Team3,Team8,2.33,2.23,0.4,0.83,0
Team33,Team30,2.73,2.47,0.39,0.49,1
Team37,Team27,2.36,0.58,0.64,0.76,2
Team10,Team34,0.76,1.84,0.53,0.57,0
Team15,Team30,1.85,1.72,0.55,0.76,1
Team27,Team32,2.0,1.91,0.73,0.66,1
Team20,Team11,2.9,1.36,0.44,0.55,2
Team26,Team47,2.04,2.78,0.38,0.36,0
Team33,Team48,2.32,1.98,0.36,0.85,1
Team5,Team38,2.27,0.88,0.65,0.66,2
Team29,Team14,2.84,2.81,0.57,0.37,1
Team21,Team27,2.6,0.81,0.85,0.82,2
Team40,Team15,1.5,0.64,0.5,0.78,2
Team26,Team42,0.79,1.54,0.82,0.85,0
Team7,Team19,1.7,2.8,0.65,0.32,0
Team24,Team26,1.75,1.55,0.85,0.52,2
Team43,Team22,1.05,1.03,0.61,0.89,1
Team41,Team50,1.89,2.65,0.62,0.41,0
Team7,Team1,1.27,1.49,0.56,0.78,0
Team32,Team30,0.98,0.59,0.58,0.64,2
Team18,Team1,2.44,1.63,0.61,0.56,2
Team50,Team30,1.9,0.89,0.41,0.82,2
Team39,Team3,1.43,1.18,0.69,0.55,2
Team23,Team29,2.6,2.67,0.54,0.63,1
Team3,Team25,0.99,1.76,0.66,0.5,0
Team37,Team3,2.72,1.89,0.73,0.78,2
Team24,Team14,2.01,2.52,0.88,0.87,0
Team21,Team14,1.23,2.74,0.31,0.35,0
Team23,Team21,0.57,0.95,0.65,0.55,1
Team2,Team1,2.54,1.35,0.46,0.53,2
Team23,Team12,2.58,1.36,0.76,0.52,2
Team44,Team35,2.87,2.41,0.38,0.82,1
Team46,Team23,2.5,1.56,0.31,0.46,2
Team40,Team2,2.08,1.14,0.38,0.8,2
Team4,Team27,1.81,0.93,0.46,0.31,2
Team18,Team22,2.54,1.75,0.34,0.54,2
Team38,Team12,1.02,0.53,0.38,0.84,1
Team6,Team28,1.99,2.0,0.7,0.41,1
Team45,Team17,1.55,1.46,0.61,0.33,2
Team43,Team1,0.71,2.01,0.45,0.53,0
Team40,Team11,1.39,2.3,0.48,0.64,0
Team34,Team48,2.89,0.84,0.59,0.46,2
Team47,Team20,0.91,2.6,0.81,0.87,0
Team43,Team34,2.06,1.69,0.51,0.51,2
Team1,Team26,2.26,2.0,0.58,0.35,2
Team50,Team37,0.51,2.92,0.3,0.36,0
Team37,Team45,2.52,2.91,0.77,0.71,0
Team49,Team47,0.72,2.9,0.76,0.68,0
Team17,Team24,2.31,2.09,0.89,0.84,1
Team12,Team16,2.23,0.63,0.7,0.33,2
Team16,Team7,3.0,1.89,0.58,0.49,2
Team15,Team7,1.24,2.81,0.88,0.87,0
Team18,Team32,2.66,2.61,0.49,0.8,1
Team17,Team14,1.99,1.08,0.37,0.35,2
Team37,Team44,1.35,2.31,0.34,0.49,0
Team49,Team4,2.48,1.3,0.68,0.83,2
Team42,Team45,1.08,0.56,0.82,0.31,2
Team13,Team14,1.46,2.83,0.34,0.31,0
Team29,Team50,1.5,1.7,0.68,0.82,0
Team47,Team10,0.73,1.34,0.61,0.74,0
Team49,Team3,1.67,1.24,0.81,0.73,2
Team37,Team25,1.19,2.78,0.33,0.37,0
Team24,Team4,1.05,2.87,0.77,0.35,0
Team6,Team40,2.7,2.86,0.58,0.67,1
Team25,Team7,2.98,1.08,0.87,0.69,2
Team45,Team47,1.08,0.94,0.43,0.41,1
Team3,Team7,2.5,2.07,0.43,0.61,1
Team20,Team50,0.93,1.49,0.75,0.72,0
Team24,Team3,2.54,1.06,0.43,0.62,2
Team9,Team4,1.95,0.73,0.83,0.46,2
Team28,Team30,2.72,2.89,0.82,0.79,1
Team40,Team25,1.88,0.72,0.55,0.52,2
Team8,Team5,0.62,1.83,0.88,0.37,0
Team28,Team5,2.98,0.65,0.83,0.61,2
Team3,Team41,2.2,1.91,0.46,0.83,1
Team19,Team16,2.15,2.63,0.82,0.73,0
Team43,Team46,2.24,2.2,0.67,0.75,1
Team7,Team5,2.7,2.68,0.32,0.8,0
Team10,Team33,1.34,2.36,0.4,0.79,0
Team14,Team13,1.77,0.52,0.47,0.67,2
Team49,Team41,2.08,1.15,0.68,0.62,2
Team35,Team49,0.77,2.4,0.62,0.88,0
Team28,Team15,2.83,0.76,0.86,0.71,2
Team50,Team4,1.25,2.27,0.34,0.65,0
Team1,Team23,2.05,0.61,0.82,0.88,2
Team29,Team12,2.37,0.83,0.75,0.31,2
Team11,Team34,1.31,1.72,0.76,0.71,0
Team26,Team35,1.18,2.99,0.56,0.57,0
Team39,Team15,2.49,2.23,0.43,0.35,2
Team14,Team21,2.14,1.18,0.87,0.39,2
Team28,Team30,2.86,1.55,0.68,0.54,2
Team5,Team3,1.28,1.3,0.73,0.75,1
Team35,Team50,2.13,1.42,0.82,0.58,2
Team8,Team47,1.01,0.73,0.39,0.57,1
Team50,Team7,2.07,0.83,0.32,0.85,2
Team3,Team21,2.49,1.7,0.37,0.38,2
Team44,Team20,1.58,1.0,0.59,0.34,2
Team2,Team25,1.58,2.96,0.39,0.58,0
Team30,Team18,1.7,2.0,0.47,0.72,0
Team33,Team39,2.77,2.31,0.75,0.39,2
Team12,Team47,0.86,1.75,0.67,0.72,0
Team10,Team41,0.52,1.32,0.61,0.35,0
Team13,Team31,0.58,0.7,0.54,0.38,1
Team39,Team26,2.22,2.5,0.42,0.4,1
Team49,Team40,2.09,2.27,0.32,0.86,0
Team39,Team31,1.85,2.27,0.82,0.73,0
Team20,Team48,2.54,0.7,0.84,0.63,2
Team22,Team27,1.7,0.6,0.4,0.56,2
Team18,Team12,1.12,0.9,0.82,0.43,2
Team46,Team36,2.36,2.68,0.56,0.33,1
Team44,Team18,0.55,2.13,0.5,0.63,0
Team3,Team29,1.0,2.2,0.34,0.32,0
Team33,Team7,1.66,2.67,0.74,0.75,0
Team20,Team38,1.36,1.43,0.89,0.32,2
Team49,Team32,1.97,0.57,0.54,0.66,2
Team15,Team35,2.48,2.14,0.9,0.47,2
Team12,Team3,2.06,2.08,0.74,0.38,2
Team8,Team37,2.77,0.95,0.44,0.88,2
Team37,Team5,0.67,1.59,0.36,0.54,0
Team14,Team40,1.4,1.98,0.4,0.53,0
Team28,Team2,2.64,0.52,0.65,0.66,2
Team36,Team46,1.09,1.09,0.83,0.57,1
Team16,Team10,1.62,2.17,0.39,0.57,0
Team8,Team44,2.87,1.13,0.52,0.53,2
Team43,Team37,1.39,1.83,0.77,0.72,0
Team28,Team48,2.67,1.01,0.37,0.46,2
Team2,Team10,1.83,2.84,0.32,0.37,0
Team6,Team38,2.83,1.29,0.6,0.32,2
Team42,Team20,2.97,2.91,0.3,0.87,0
Team50,Team29,2.67,1.64,0.61,0.59,2
Team44,Team38,0.85,0.57,0.48,0.72,1
Team42,Team8,2.92,0.73,0.7,0.57,2
Team5,Team48,0.94,2.23,0.8,0.87,0
Team10,Team31,1.74,2.04,0.82,0.64,1
Team12,Team28,2.83,2.22,0.71,0.43,2
Team16,Team14,1.48,2.13,0.36,0.69,0
Team50,Team6,1.3,2.67,0.9,0.75,0
Team13,Team32,2.35,2.7,0.54,0.5,0
Team38,Team19,2.52,2.41,0.78,0.56,2
Team11,Team1,0.8,1.86,0.3,0.49,0
Team12,Team7,1.91,1.45,0.63,0.66,2
Team32,Team50,1.61,0.54,0.65,0.4,2
Team14,Team10,2.4,1.75,0.63,0.87,2
Team2,Team7,2.79,2.53,0.37,0.39,1
Team48,Team37,1.12,1.69,0.54,0.63,0
Team46,Team44,2.89,0.55,0.42,0.3,2
Team47,Team15,1.11,2.82,0.34,0.86,0
Team22,Team19,0.75,1.71,0.45,0.47,0
Team27,Team30,2.51,1.85,0.49,0.67,2
Team18,Team2,1.18,1.53,0.37,0.41,0
Team31,Team45,0.95,1.81,0.73,0.36,0
Team42,Team43,2.79,1.56,0.35,0.79,2
Team44,Team46,2.08,2.88,0.66,0.79,0
Team22,Team29,1.07,1.03,0.67,0.55,1
Team42,Team8,2.42,1.89,0.45,0.48,2
Team24,Team19,2.63,2.18,0.79,0.76,2
Team10,Team34,1.56,0.88,0.44,0.82,2
Team33,Team21,0.74,0.56,0.69,0.66,1
Team32,Team11,1.08,1.48,0.66,0.6,0
Team2,Team36,1.99,2.19,0.57,0.57,1
Team41,Team50,0.54,1.35,0.79,0.66,0
Team38,Team43,2.76,2.43,0.46,0.69,1
Team36,Team3,1.5,1.42,0.51,0.67,1
Team13,Team50,2.58,2.17,0.34,0.68,1
Team8,Team39,1.98,2.2,0.44,0.57,0
Team22,Team6,0.63,1.45,0.52,0.9,0
Team23,Team31,1.33,1.95,0.35,0.88,0
Team29,Team32,2.39,0.93,0.55,0.55,2
Team16,Team12,1.37,2.16,0.78,0.86,0
Team45,Team23,1.5,0.88,0.9,0.86,2
Team44,Team1,2.61,1.8,0.67,0.35,2
Team39,Team32,0.82,2.57,0.77,0.73,0
Team14,Team37,1.26,1.16,0.52,0.35,1
Team27,Team9,1.77,2.56,0.47,0.87,0
Team18,Team6,2.8,1.74,0.9,0.81,2
Team42,Team12,2.83,0.79,0.79,0.53,2
Team24,Team43,2.67,2.51,0.77,0.48,2
Team9,Team16,1.51,0.93,0.72,0.51,2
Team20,Team18,2.1,2.56,0.38,0.82,0
Team36,Team31,1.72,2.02,0.76,0.4,1
Team3,Team36,1.5,0.87,0.52,0.34,2
Team34,Team4,0.84,2.91,0.63,0.88,0
Team32,Team28,1.28,1.77,0.56,0.36,1
Team6,Team33,1.04,2.05,0.69,0.39,0
Team5,Team20,0.98,1.03,0.59,0.75,1
Team31,Team15,2.96,1.1,0.39,0.37,2
Team46,Team7,2.23,0.66,0.61,0.9,2
Team17,Team38,2.04,1.27,0.67,0.62,2
Team39,Team37,2.72,1.62,0.42,0.52,2
Team28,Team22,2.57,2.33,0.76,0.31,2
Team2,Team28,1.55,2.48,0.65,0.71,0
Team39,Team5,1.04,0.53,0.44,0.89,1
Team18,Team38,2.9,1.72,0.37,0.63,2
Team21,Team27,0.82,2.66,0.45,0.69,0
Team35,Team42,2.04,2.65,0.54,0.87,0
Team49,Team41,0.76,2.15,0.87,0.79,0
Team48,Team29,1.2,2.83,0.45,0.77,0
Team28,Team11,1.74,1.47,0.57,0.44,2
Team17,Team24,1.8,0.88,0.74,0.61,2
Team37,Team8,0.6,0.71,0.73,0.34,1
Team24,Team36,0.53,2.89,0.74,0.51,0
Team46,Team36,1.37,2.44,0.7,0.41,0
Team43,Team5,1.87,2.58,0.34,0.55,0
Team47,Team32,1.79,2.75,0.77,0.44,0
Team9,Team2,2.17,0.53,0.45,0.46,2
Team41,Team42,2.9,1.7,0.84,0.49,2
Team36,Team12,1.69,0.78,0.59,0.85,2
Team16,Team33,2.04,0.89,0.33,0.37,2
Team18,Team9,1.43,1.58,0.56,0.67,1
Team22,Team31,2.82,2.19,0.6,0.31,2
Team21,Team36,2.18,1.29,0.83,0.46,2
Team47,Team18,2.09,1.05,0.89,0.75,2
Team46,Team7,0.95,0.63,0.49,0.75,1
Team25,Team22,1.85,2.32,0.36,0.71,0
Team27,Team32,1.72,0.88,0.51,0.55,2
Team37,Team33,1.77,1.24,0.64,0.71,2
Team39,Team45,2.09,2.4,0.4,0.58,0
Team16,Team8,1.12,2.32,0.9,0.36,0
Team32,Team43,2.14,1.28,0.75,0.79,2
Team27,Team28,2.22,1.44,0.62,0.61,2
Team42,Team26,2.6,2.58,0.31,0.75,0
Team20,Team11,2.39,2.6,0.58,0.6,1
Team4,Team48,1.62,2.31,0.83,0.66,0
Team37,Team39,1.53,2.24,0.3,0.67,0
Team4,Team46,0.73,1.97,0.59,0.69,0
Team24,Team38,1.95,1.9,0.64,0.66,1
Team34,Team30,2.51,1.17,0.8,0.6,2
Team46,Team19,0.65,1.34,0.77,0.72,0
Team31,Team37,1.79,1.6,0.39,0.5,1
Team33,Team18,1.43,0.66,0.78,0.76,2
Team45,Team33,1.55,2.09,0.77,0.37,1
Team6,Team48,2.6,1.46,0.64,0.65,2
Team10,Team3,0.57,0.56,0.8,0.46,2
Team17,Team46,2.46,0.64,0.81,0.44,2
Team5,Team30,1.65,1.7,0.56,0.86,0
Team36,Team6,2.08,0.62,0.84,0.85,2
Team24,Team37,2.41,0.9,0.67,0.38,2
Team31,Team20,2.14,2.89,0.34,0.33,0
Team30,Team22,1.15,1.12,0.84,0.45,2
Team16,Team17,2.4,1.62,0.77,0.34,2
Team45,Team36,0.58,0.66,0.84,0.38,2
Team4,Team34,2.43,0.72,0.44,0.74,2
Team11,Team21,0.82,2.71,0.54,0.8,0
Team14,Team38,2.95,1.14,0.69,0.42,2
Team24,Team50,1.66,2.93,0.67,0.51,0
Team41,Team33,0.88,1.06,0.45,0.81,0
Team33,Team17,2.95,1.07,0.54,0.63,2
Team39,Team22,1.87,2.03,0.44,0.81,0
Team10,Team22,0.85,2.16,0.43,0.36,0
Team16,Team49,1.65,2.37,0.47,0.77,0
Team38,Team10,2.95,2.48,0.6,0.5,2
Team21,Team20,1.86,2.4,0.75,0.31,1
Team40,Team21,2.15,0.9,0.45,0.87,2
Team40,Team28,2.43,0.57,0.34,0.58,2
Team8,Team45,1.85,1.74,0.36,0.69,1
Team25,Team44,2.44,2.91,0.42,0.61,0
Team24,Team29,2.39,1.19,0.49,0.69,2
Team15,Team49,2.74,1.8,0.57,0.63,2
Team2,Team8,2.03,1.41,0.84,0.4,2
Team38,Team33,2.0,0.58,0.52,0.74,2
Team48,Team43,1.28,2.5,0.88,0.81,0
Team9,Team13,2.35,1.3,0.89,0.59,2
Team21,Team31,2.09,0.91,0.83,0.56,2
Team27,Team5,1.9,1.82,0.73,0.83,1
Team5,Team36,0.97,2.65,0.79,0.62,0
Team19,Team45,2.97,2.75,0.69,0.49,2
Team24,Team35,2.55,2.7,0.62,0.45,1
Team28,Team26,0.75,1.1,0.39,0.51,0
Team47,Team18,2.37,2.13,0.67,0.51,2
Team5,Team45,1.68,2.95,0.68,0.38,0
Team16,Team35,1.31,2.22,0.34,0.4,0
Team9,Team21,1.07,2.59,0.47,0.69,0
Team4,Team26,1.04,1.4,0.34,0.76,0
Team46,Team14,2.76,1.08,0.78,0.34,2
Team15,Team19,2.13,2.69,0.3,0.4,0
Team34,Team47,1.65,2.66,0.63,0.53,0
Team30,Team14,1.7,0.55,0.55,0.32,2
Team38,Team23,0.82,2.27,0.88,0.8,0
Team19,Team9,2.6,2.95,0.67,0.64,0
Team19,Team48,1.62,1.05,0.37,0.34,2
Team17,Team31,0.62,1.92,0.47,0.79,0
Team35,Team42,1.25,2.36,0.33,0.84,0
Team8,Team2,2.17,1.98,0.84,0.41,2
Team16,Team30,2.6,1.21,0.56,0.46,2
Team46,Team21,1.8,0.66,0.8,0.66,2
Team33,Team9,2.77,2.17,0.8,0.83,2
Team1,Team9,1.79,1.58,0.49,0.56,1
Team47,Team15,2.0,2.73,0.57,0.66,0
Team38,Team20,2.47,2.1,0.71,0.38,2
Team4,Team23,2.47,2.93,0.46,0.46,0
Team27,Team42,1.77,2.09,0.34,0.45,0
Team17,Team12,2.01,2.77,0.44,0.58,0
Team29,Team46,1.71,0.99,0.67,0.47,2
Team49,Team13,1.84,2.64,0.33,0.8,0
Team20,Team34,1.35,2.51,0.64,0.61,0
Team43,Team41,1.49,0.72,0.67,0.37,2
Team39,Team42,0.57,2.19,0.33,0.57,0
Team46,Team45,1.49,1.55,0.55,0.84,0
Team45,Team12,2.19,1.24,0.73,0.87,2
Team5,Team9,2.66,0.51,0.73,0.8,2
Team49,Team47,2.68,1.14,0.7,0.78,2
Team36,Team18,0.73,1.99,0.63,0.84,0
Team12,Team16,2.37,1.53,0.69,0.69,2
Team11,Team14,0.53,2.09,0.85,0.67,0
Team28,Team3,2.31,0.8,0.84,0.34,2
Team16,Team31,0.86,0.53,0.55,0.48,2
Team1,Team46,1.5,2.78,0.78,0.43,0
Team25,Team23,2.54,0.67,0.53,0.81,2
Team36,Team35,0.69,1.86,0.82,0.65,0
Team44,Team34,1.46,1.63,0.65,0.76,1
Team23,Team41,2.72,0.53,0.52,0.32,2
Team33,Team24,1.44,0.92,0.56,0.39,2
Team1,Team2,2.87,1.35,0.61,0.53,2
Team35,Team44,1.46,2.48,0.66,0.36,0
Team5,Team9,1.41,1.04,0.89,0.57,2
Team4,Team50,0.85,1.71,0.32,0.6,0
Team11,Team46,1.46,0.6,0.32,0.53,2
Team42,Team6,2.39,1.65,0.47,0.84,2
Team37,Team43,1.44,1.69,0.57,0.9,0
Team9,Team50,0.72,2.02,0.39,0.32,0
Team32,Team49,2.43,2.95,0.59,0.62,0
Team45,Team22,1.12,2.6,0.51,0.8,0
Team45,Team50,1.77,2.19,0.44,0.8,0
Team4,Team1,1.95,0.85,0.57,0.68,2
Team11,Team37,1.5,2.98,0.83,0.67,0
Team24,Team19,1.0,1.49,0.32,0.59,0
Team36,Team19,0.83,1.98,0.66,0.51,0
Team47,Team12,0.59,2.36,0.63,0.33,0
Team20,Team42,2.69,2.86,0.39,0.58,0
Team48,Team44,1.71,2.66,0.65,0.53,0
Team38,Team11,1.01,2.4,0.53,0.61,0
Team50,Team17,2.66,2.95,0.54,0.8,0
Team47,Team4,2.52,1.69,0.9,0.34,2
Team45,Team17,2.1,1.25,0.44,0.49,2
Team3,Team6,1.78,2.07,0.86,0.31,1
Team32,Team22,2.22,2.31,0.72,0.38,1
Team21,Team16,2.55,1.33,0.74,0.62,2
Team30,Team48,2.98,1.0,0.9,0.35,2
Team30,Team7,0.61,1.35,0.68,0.34,0
Team13,Team41,2.84,2.55,0.79,0.83,1
Team35,Team2,0.76,1.5,0.73,0.47,0
Team4,Team31,0.56,1.27,0.63,0.68,0
Team13,Team46,2.24,0.52,0.36,0.82,2
Team2,Team41,0.78,2.61,0.45,0.59,0
Team2,Team3,2.28,2.17,0.43,0.82,1
Team3,Team9,1.23,0.88,0.46,0.31,2
Team39,Team40,1.07,2.1,0.89,0.66,0
Team19,Team26,0.81,2.72,0.6,0.57,0
Team10,Team37,2.06,0.68,0.71,0.45,2
Team28,Team47,2.56,2.51,0.63,0.61,1
Team13,Team24,2.3,1.5,0.4,0.83,2
Team34,Team11,1.18,1.51,0.36,0.41,0
Team29,Team26,2.29,1.98,0.84,0.65,2
Team8,Team42,1.35,2.85,0.35,0.86,0
Team1,Team44,1.18,2.61,0.49,0.77,0
Team15,Team13,1.56,1.44,0.86,0.71,1
Team17,Team24,1.73,1.47,0.68,0.72,1
Team10,Team48,0.92,2.28,0.7,0.88,0
Team44,Team11,2.88,2.26,0.48,0.36,2
Team19,Team20,2.11,0.62,0.52,0.87,2
Team28,Team42,1.69,0.78,0.68,0.76,2
Team41,Team7,2.42,1.54,0.79,0.81,2
Team16,Team9,2.14,1.68,0.83,0.43,2
Team45,Team23,2.02,1.24,0.38,0.69,2
Team18,Team3,1.29,2.11,0.54,0.73,0
Team1,Team37,0.71,0.61,0.7,0.79,1
Team10,Team45,0.75,2.22,0.45,0.85,0
Team2,Team23,2.27,2.87,0.32,0.74,0
Team38,Team17,2.77,1.17,0.73,0.83,2
Team26,Team39,2.41,1.64,0.46,0.43,2
Team28,Team12,0.81,0.54,0.76,0.78,1
Team34,Team38,1.16,0.54,0.48,0.76,2
Team7,Team13,0.5,1.25,0.69,0.88,0
Team47,Team9,1.87,2.57,0.66,0.47,0
Team45,Team22,0.88,2.75,0.73,0.86,0
Team34,Team28,1.68,0.65,0.7,0.65,2
Team40,Team9,1.1,1.83,0.69,0.69,0
Team32,Team28,2.44,1.01,0.74,0.67,2
Team26,Team25,2.45,1.95,0.39,0.79,1
Team40,Team4,1.47,2.19,0.46,0.51,0
Team38,Team24,2.31,1.85,0.34,0.71,1
Team26,Team50,2.83,1.74,0.44,0.33,2
Team33,Team39,1.82,1.1,0.6,0.71,2
Team5,Team7,1.19,2.52,0.58,0.63,0
Team13,Team32,0.61,0.91,0.57,0.43,1
Team43,Team45,2.61,2.95,0.78,0.81,0
Team28,Team45,2.9,0.99,0.87,0.9,2
Team26,Team12,1.15,1.59,0.66,0.34,1
Team18,Team27,0.54,2.57,0.74,0.51,0
Team17,Team44,1.49,2.88,0.88,0.54,0
Team42,Team8,2.43,1.27,0.44,0.57,2
Team17,Team21,1.91,2.43,0.6,0.31,1
Team10,Team37,1.39,2.82,0.44,0.68,0
Team24,Team43,1.3,2.62,0.74,0.36,0
Team37,Team27,0.57,1.7,0.7,0.37,0
Team9,Team28,2.89,1.74,0.61,0.59,2
Team3,Team21,0.73,0.58,0.33,0.57,1
Team26,Team14,2.06,2.98,0.53,0.64,0
Team18,Team4,2.62,2.76,0.83,0.88,1
Team23,Team10,2.6,2.38,0.44,0.87,1
Team22,Team35,2.2,1.06,0.56,0.73,2
Team21,Team36,1.32,2.6,0.39,0.56,0
Team7,Team27,2.73,1.55,0.77,0.59,2
Team15,Team46,1.98,0.97,0.5,0.81,2
Team28,Team47,0.68,0.67,0.86,0.6,1
Team3,Team48,2.53,2.59,0.5,0.72,1
Team24,Team25,2.14,0.88,0.83,0.62,2
Team23,Team46,0.59,0.82,0.76,0.3,1
Team6,Team38,2.31,1.0,0.42,0.31,2
Team20,Team3,2.71,0.63,0.41,0.49,2
Team36,Team48,1.54,2.4,0.67,0.84,0
Team37,Team25,1.13,1.18,0.38,0.5,1
Team47,Team36,2.96,2.39,0.54,0.65,2
Team49,Team16,0.7,1.86,0.73,0.4,0
Team9,Team18,2.88,0.61,0.46,0.66,2
Team47,Team25,0.82,1.9,0.77,0.73,0
Team36,Team17,2.83,2.57,0.72,0.73,1
Team6,Team1,0.81,0.81,0.81,0.51,2
Team34,Team42,0.99,1.36,0.5,0.89,0
Team3,Team18,2.25,2.32,0.64,0.87,1
Team1,Team18,1.45,0.91,0.77,0.74,2
Team18,Team50,0.56,2.6,0.31,0.72,0
Team14,Team35,1.59,1.09,0.72,0.79,2
Team33,Team50,1.85,1.57,0.49,0.59,1
Team40,Team13,2.9,2.29,0.87,0.44,2
Team43,Team10,2.52,2.19,0.68,0.49,2
Team22,Team38,0.68,1.28,0.86,0.81,0
Team19,Team18,1.12,0.91,0.41,0.31,2
Team11,Team5,1.38,2.05,0.5,0.74,0
Team14,Team5,0.67,2.46,0.47,0.56,0
Team19,Team23,1.33,0.64,0.52,0.87,2
Team13,Team21,2.18,2.08,0.42,0.55,1
Team29,Team20,1.19,1.19,0.56,0.89,0
Team26,Team30,2.94,0.76,0.63,0.89,2
Team41,Team5,0.97,1.96,0.42,0.61,0
Team7,Team3,1.01,1.71,0.46,0.47,0
Team10,Team39,2.92,2.01,0.35,0.35,2
Team38,Team20,1.24,0.73,0.66,0.67,2
Team47,Team2,1.17,0.54,0.88,0.45,2
Team10,Team9,2.27,2.03,0.49,0.46,1
Team2,Team30,0.94,0.79,0.57,0.67,1
Team22,Team49,0.52,2.43,0.68,0.52,0
Team45,Team28,2.07,1.46,0.86,0.63,2
Team19,Team1,1.05,2.31,0.67,0.74,0
Team6,Team49,2.16,1.75,0.75,0.5,2
Team21,Team26,1.59,1.15,0.56,0.73,1
Team26,Team19,1.97,2.03,0.68,0.45,1
Team20,Team46,0.73,1.0,0.83,0.74,1
Team47,Team33,1.04,1.18,0.45,0.34,1
Team50,Team3,1.04,1.99,0.66,0.52,0
Team10,Team19,2.51,2.56,0.86,0.63,1
Team46,Team3,2.04,2.36,0.74,0.61,1
Team46,Team42,1.57,1.02,0.78,0.5,2
Team28,Team34,2.74,2.17,0.77,0.57,2
Team43,Team38,1.57,1.61,0.69,0.86,1
Team28,Team18,2.56,1.23,0.57,0.31,2
Team4,Team23,1.76,0.64,0.59,0.86,2
Team15,Team1,2.41,1.52,0.69,0.46,2
Team38,Team21,0.9,0.68,0.41,0.7,1
Team7,Team3,2.54,2.21,0.37,0.47,1
Team4,Team13,1.12,1.79,0.62,0.51,0
Team24,Team26,2.57,1.04,0.79,0.77,2
Team46,Team42,1.43,1.18,0.44,0.49,1
Team9,Team6,1.88,1.76,0.42,0.82,1
Team42,Team23,2.59,2.65,0.75,0.56,1
Team22,Team9,0.9,2.18,0.41,0.72,0
Team47,Team49,0.79,0.91,0.3,0.73,0
Team6,Team45,1.79,0.9,0.35,0.31,2
Team43,Team32,2.73,1.1,0.51,0.36,2
Team36,Team34,1.8,2.02,0.45,0.33,1
Team19,Team15,2.37,1.93,0.89,0.55,2
Team33,Team34,1.85,2.24,0.72,0.4,1
Team50,Team34,1.53,2.68,0.68,0.62,0
Team13,Team49,2.01,0.79,0.5,0.39,2
Team26,Team17,1.02,1.48,0.84,0.42,1
Team49,Team39,1.55,0.55,0.78,0.34,2
Team3,Team16,2.71,1.05,0.73,0.83,2
Team28,Team9,1.84,2.59,0.79,0.81,0
Team44,Team41,1.83,1.78,0.79,0.54,1
Team15,Team3,0.53,1.52,0.69,0.31,0
Team48,Team2,0.67,2.69,0.53,0.63,0
Team36,Team15,0.67,2.12,0.34,0.53,0
Team45,Team15,1.08,2.86,0.33,0.57,0
Team3,Team15,1.43,0.67,0.52,0.58,2
Team11,Team32,2.27,0.52,0.43,0.7,2
Team49,Team9,0.51,2.51,0.76,0.63,0
Team25,Team37,2.42,1.96,0.77,0.75,2
Team39,Team32,1.8,0.85,0.7,0.67,2
Team29,Team7,2.16,1.37,0.53,0.4,2
Team16,Team24,2.01,1.58,0.76,0.81,2
Team22,Team43,1.27,1.54,0.73,0.53,1
Team40,Team41,2.0,2.65,0.82,0.73,0
Team11,Team16,1.89,1.96,0.38,0.57,1
Team23,Team18,2.9,1.58,0.63,0.62,2
Team3,Team39,2.37,1.06,0.62,0.8,2
Team21,Team47,1.05,1.99,0.46,0.7,0
Team15,Team16,2.45,2.4,0.41,0.35,1
Team37,Team20,1.42,1.58,0.32,0.46,0
Team6,Team22,2.72,2.56,0.68,0.81,1
Team48,Team6,1.57,1.0,0.61,0.74,2
Team7,Team41,2.17,0.74,0.75,0.79,2
Team38,Team49,2.57,2.76,0.86,0.78,1
Team10,Team3,2.99,1.1,0.32,0.55,2
Team49,Team35,0.56,1.4,0.77,0.64,0
Team48,Team35,0.54,0.54,0.85,0.72,1
Team36,Team32,0.83,1.78,0.3,0.86,0
Team5,Team22,1.51,1.48,0.34,0.68,0
Team19,Team44,2.19,0.85,0.65,0.64,2
Team23,Team25,1.45,1.43,0.67,0.68,1
Team5,Team22,2.95,2.12,0.78,0.73,2
Team25,Team14,0.63,1.64,0.7,0.71,0
Team18,Team24,2.81,2.08,0.33,0.69,2
Team25,Team42,0.67,1.89,0.75,0.79,0
Team1,Team16,1.01,0.61,0.65,0.57,2
Team46,Team14,0.65,2.21,0.31,0.4,0
Team15,Team12,1.64,2.21,0.85,0.68,0
Team26,Team31,2.7,1.96,0.8,0.69,2
Team26,Team11,1.98,1.39,0.33,0.32,2
Team40,Team26,0.71,2.02,0.83,0.83,0
Team43,Team7,1.75,2.94,0.71,0.53,0
Team23,Team25,2.71,0.81,0.42,0.43,2
Team17,Team48,2.01,2.05,0.86,0.77,1
Team46,Team20,1.37,1.59,0.54,0.7,0
Team42,Team30,1.27,1.88,0.77,0.55,0
Team34,Team20,0.64,2.86,0.34,0.56,0
Team20,Team3,2.96,0.92,0.37,0.31,2
Team23,Team41,1.02,2.08,0.43,0.31,0
Team10,Team40,1.41,1.38,0.48,0.89,0
Team26,Team22,2.75,2.44,0.35,0.89,1
Team23,Team22,1.71,1.26,0.64,0.78,2
Team5,Team39,2.45,1.26,0.49,0.3,2
Team23,Team17,1.6,2.96,0.54,0.73,0
Team34,Team9,0.98,1.37,0.63,0.9,0
Team17,Team15,1.0,0.61,0.38,0.64,1
Team32,Team9,2.85,0.54,0.61,0.58,2
Team9,Team13,1.71,2.6,0.52,0.82,0
Team18,Team16,1.32,1.63,0.76,0.38,1
Team13,Team46,2.88,0.94,0.64,0.65,2
Team26,Team14,2.11,1.07,0.63,0.52,2
Team32,Team39,0.83,2.64,0.4,0.81,0
Team3,Team46,1.52,2.76,0.66,0.65,0
Team8,Team6,1.44,2.49,0.52,0.35,0
Team49,Team31,1.93,1.34,0.89,0.32,2
Team31,Team21,2.69,1.12,0.46,0.3,2
Team42,Team50,2.07,2.38,0.39,0.57,0
Team15,Team13,0.73,1.72,0.85,0.32,0
Team46,Team8,1.02,1.1,0.85,0.58,1
Team49,Team28,2.4,0.89,0.59,0.56,2
Team17,Team31,3.0,2.42,0.54,0.8,2
Team13,Team44,0.58,1.01,0.5,0.61,0
Team15,Team9,1.67,2.43,0.37,0.68,0
Team30,Team34,2.63,2.82,0.9,0.78,1
Team11,Team35,1.04,1.34,0.58,0.76,0
Team8,Team9,2.81,2.24,0.67,0.42,2
Team11,Team40,0.81,2.43,0.44,0.71,0
Team21,Team41,2.82,1.47,0.34,0.31,2
Team8,Team42,1.21,1.55,0.48,0.5,0
Team2,Team41,2.83,1.16,0.67,0.71,2
Team38,Team28,2.62,2.87,0.83,0.74,1
Team26,Team50,1.2,2.91,0.31,0.73,0
Team41,Team36,2.06,2.98,0.49,0.5,0
Team40,Team28,1.15,1.36,0.8,0.86,1
Team8,Team25,1.43,2.82,0.34,0.36,0
Team16,Team12,1.18,1.35,0.57,0.85,0
Team3,Team25,1.68,2.15,0.75,0.75,0
Team10,Team20,2.76,2.54,0.75,0.33,2
Team15,Team36,1.03,2.16,0.55,0.54,0
Team31,Team20,2.39,1.24,0.48,0.36,2
Team25,Team2,0.96,1.36,0.56,0.8,0
Team22,Team21,2.34,1.83,0.47,0.6,2
Team46,Team15,1.58,0.91,0.37,0.63,2
Team49,Team43,1.36,2.33,0.7,0.86,0
Team28,Team36,1.92,2.14,0.84,0.54,1
Team25,Team50,0.71,1.13,0.77,0.36,1
Team37,Team46,1.96,1.07,0.84,0.77,2
Team40,Team30,2.66,1.06,0.82,0.77,2
Team8,Team29,2.96,1.15,0.88,0.56,2
Team47,Team34,0.63,0.63,0.72,0.57,1
Team40,Team37,2.03,1.13,0.65,0.52,2
Team21,Team15,2.55,1.69,0.51,0.52,2
Team47,Team17,1.32,1.02,0.35,0.58,1
Team14,Team46,2.6,1.05,0.53,0.79,2
Team27,Team13,1.65,1.26,0.86,0.37,2
Team22,Team50,1.55,2.0,0.86,0.49,1
Team6,Team7,2.14,2.05,0.5,0.86,1
Team14,Team13,1.06,1.1,0.61,0.76,1
Team47,Team44,2.23,2.12,0.44,0.71,1
Team48,Team44,2.54,2.03,0.52,0.45,2
Team1,Team36,1.39,1.53,0.71,0.69,1
Team48,Team15,1.49,0.95,0.39,0.8,1
Team4,Team46,1.05,1.8,0.73,0.36,0
Team8,Team25,2.92,1.16,0.49,0.8,2
Team7,Team45,2.79,2.09,0.68,0.54,2
Team10,Team39,1.83,2.19,0.56,0.74,0
Team43,Team46,2.15,0.52,0.87,0.44,2
Team44,Team4,2.42,1.75,0.56,0.45,2
Team32,Team9,1.27,1.93,0.5,0.32,0
Team3,Team43,0.52,2.95,0.88,0.54,0
Team41,Team19,1.36,2.18,0.78,0.87,0
Team20,Team23,2.46,1.16,0.89,0.32,2
Team12,Team24,1.65,1.58,0.48,0.42,1
Team10,Team20,2.72,1.55,0.6,0.85,2
Team25,Team29,0.83,1.91,0.57,0.78,0
Team42,Team47,1.48,0.75,0.31,0.7,2
Team48,Team34,0.69,1.09,0.8,0.87,0
Team7,Team18,1.08,2.67,0.86,0.55,0
Team11,Team17,1.93,1.48,0.32,0.65,1
Team6,Team45,1.28,1.12,0.72,0.52,2
Team4,Team40,0.52,0.65,0.62,0.64,1
Team8,Team7,0.83,1.78,0.42,0.36,0
Team13,Team44,2.51,1.06,0.44,0.79,2
Team5,Team27,0.74,1.63,0.5,0.82,0
Team30,Team23,1.03,2.38,0.33,0.6,0
Team37,Team29,1.34,1.49,0.62,0.4,1
Team42,Team21,2.51,2.4,0.39,0.39,1
Team6,Team37,1.52,0.81,0.4,0.8,2
Team30,Team46,1.34,2.51,0.45,0.89,0
Team36,Team22,1.34,1.28,0.37,0.37,1
Team38,Team6,2.69,2.48,0.38,0.63,1
Team50,Team18,0.61,2.14,0.62,0.35,0
Team4,Team30,2.97,0.58,0.57,0.6,2
Team4,Team20,0.92,1.38,0.76,0.6,1
Team31,Team19,2.96,2.42,0.56,0.57,2
Team2,Team25,1.91,2.63,0.42,0.86,0
Team43,Team24,2.56,1.89,0.77,0.31,2
Team50,Team12,0.6,2.72,0.9,0.48,0
Team28,Team43,2.48,2.01,0.61,0.34,2
Team11,Team41,0.73,2.91,0.38,0.39,0
Team27,Team50,2.86,2.41,0.3,0.3,2
Team20,Team39,0.86,0.55,0.58,0.87,1
Team33,Team13,2.15,2.13,0.45,0.69,1
Team45,Team22,0.81,2.25,0.37,0.9,0
Team32,Team26,1.99,1.53,0.38,0.32,2
Team10,Team33,2.52,2.61,0.59,0.77,1
Team36,Team24,1.73,2.08,0.78,0.54,1
Team15,Team12,1.98,0.91,0.31,0.52,2
Team46,Team14,2.6,0.82,0.78,0.82,2
Team22,Team6,2.29,1.23,0.62,0.72,2
Team36,Team25,1.27,2.59,0.67,0.65,0
Team23,Team33,2.39,0.7,0.85,0.5,2
Team14,Team40,0.54,2.32,0.49,0.7,0
Team14,Team7,0.82,2.53,0.85,0.58,0
Team44,Team34,1.3,2.74,0.69,0.47,0
Team14,Team16,2.73,0.53,0.49,0.63,2
Team46,Team23,2.54,2.74,0.79,0.84,1
Team29,Team6,2.53,1.46,0.7,0.89,2
Team27,Team25,1.47,1.7,0.38,0.35,1
Team39,Team48,2.94,1.51,0.35,0.34,2
Team20,Team47,1.66,1.3,0.59,0.49,2
Team2,Team30,2.65,1.98,0.72,0.52,2
Team35,Team5,1.95,2.23,0.72,0.75,0
Team4,Team20,2.33,2.05,0.41,0.32,2
Team22,Team29,1.61,2.04,0.81,0.42,1
Team8,Team43,1.81,1.21,0.48,0.47,2
Team9,Team21,2.13,2.58,0.89,0.58,1
Team14,Team11,2.09,2.55,0.32,0.6,0
Team6,Team47,2.0,2.13,0.39,0.89,0
Team8,Team48,1.41,2.1,0.58,0.41,0
Team26,Team39,1.89,1.4,0.85,0.31,2
Team24,Team16,0.64,2.42,0.72,0.5,0
Team4,Team12,2.83,2.19,0.48,0.52,2
Team41,Team23,2.48,1.29,0.65,0.51,2
Team25,Team30,1.35,1.76,0.4,0.69,0
Team17,Team3,1.63,1.39,0.54,0.37,2
Team25,Team39,1.47,2.15,0.57,0.69,0
Team38,Team23,1.54,2.33,0.38,0.42,0
Team10,Team11,1.16,1.81,0.37,0.82,0
Team33,Team1,0.91,2.19,0.32,0.67,0
Team26,Team4,1.88,1.99,0.82,0.65,1
Team24,Team19,1.24,1.82,0.71,0.66,0
Team18,Team29,1.24,0.86,0.39,0.56,1
Team4,Team38,0.7,2.85,0.75,0.65,0
Team4,Team31,0.7,1.69,0.68,0.8,0
Team18,Team27,1.19,2.85,0.37,0.83,0
Team23,Team27,0.94,2.31,0.32,0.54,0
Team37,Team18,1.95,2.84,0.7,0.59,0
Team37,Team12,2.88,0.56,0.89,0.35,2
Team29,Team34,1.92,1.38,0.67,0.31,2
Team44,Team18,2.0,2.76,0.53,0.43,0
Team33,Team45,0.62,2.55,0.8,0.65,0
Team49,Team34,2.5,1.89,0.8,0.68,2
Team25,Team21,1.54,2.89,0.62,0.66,0
Team28,Team50,1.93,0.96,0.34,0.66,2
Team42,Team32,2.59,1.86,0.52,0.68,2
Team47,Team3,0.96,1.01,0.53,0.33,1
Team47,Team38,1.78,1.71,0.53,0.8,1
Team20,Team48,1.76,0.66,0.34,0.64,2
Team13,Team3,2.7,1.89,0.88,0.33,2
Team15,Team7,0.61,0.96,0.62,0.69,0
Team1,Team11,2.86,2.61,0.48,0.35,2
Team12,Team26,0.82,0.81,0.61,0.45,1
Team23,Team44,2.23,2.32,0.33,0.86,0
Team43,Team14,1.21,2.18,0.4,0.33,0
Team27,Team33,1.72,1.54,0.31,0.5,1
Team46,Team34,0.6,2.92,0.63,0.88,0
Team39,Team30,1.73,0.92,0.33,0.67,2
Team18,Team2,1.97,0.78,0.5,0.77,2
Team13,Team48,1.37,2.46,0.9,0.44,0
Team46,Team14,2.58,1.06,0.54,0.55,2
Team22,Team24,0.54,0.99,0.79,0.46,1
Team33,Team19,1.8,0.67,0.41,0.87,2
Team35,Team34,2.13,1.65,0.71,0.67,2
Team22,Team16,2.08,2.42,0.9,0.31,1
Team22,Team21,1.59,0.82,0.55,0.51,2
Team23,Team44,2.25,1.97,0.86,0.51,2
Team15,Team34,2.14,1.0,0.49,0.43,2
Team24,Team48,0.56,1.39,0.77,0.64,0
Team6,Team28,2.24,1.92,0.78,0.74,2
Team48,Team45,1.72,0.83,0.46,0.55,2
Team17,Team29,1.78,1.22,0.3,0.6,1
Team38,Team6,0.56,1.96,0.86,0.4,0
Team35,Team33,0.73,2.06,0.63,0.54,0
Team45,Team35,2.74,0.99,0.31,0.82,2
Team43,Team34,2.73,1.99,0.79,0.56,2
Team16,Team9,1.93,0.95,0.46,0.42,2
Team18,Team35,1.59,1.99,0.65,0.34,1
Team41,Team49,0.94,2.31,0.76,0.73,0
Team18,Team25,1.5,2.53,0.31,0.69,0
Team9,Team46,2.5,2.83,0.31,0.39,0
Team5,Team6,1.91,2.16,0.71,0.86,0
Team42,Team46,2.3,1.22,0.83,0.33,2
Team46,Team9,0.84,0.5,0.84,0.31,2
Team36,Team13,2.19,1.1,0.75,0.76,2
Team2,Team24,2.05,2.51,0.35,0.53,0
Team26,Team5,2.41,2.23,0.88,0.54,2
Team17,Team46,2.18,2.32,0.65,0.42,1
Team6,Team3,1.28,1.57,0.69,0.75,0
Team19,Team23,1.51,1.17,0.42,0.77,1
Team24,Team42,1.43,2.38,0.84,0.81,0
Team49,Team19,2.89,1.44,0.5,0.34,2
Team47,Team40,2.53,0.71,0.66,0.59,2
Team17,Team46,2.65,2.64,0.76,0.39,2
Team24,Team18,2.86,2.21,0.5,0.6,2
Team24,Team11,1.78,0.8,0.49,0.78,2
Team38,Team14,1.61,0.71,0.71,0.44,2
Team8,Team21,1.22,2.46,0.78,0.89,0
Team29,Team8,2.19,1.13,0.82,0.4,2
Team40,Team7,2.29,1.69,0.81,0.53,2
Team41,Team11,2.19,2.09,0.54,0.65,1
Team17,Team36,2.48,2.95,0.86,0.86,0
Team35,Team14,2.18,2.24,0.52,0.83,0
Team24,Team23,2.03,1.27,0.5,0.34,2
Team27,Team15,2.66,1.08,0.72,0.68,2
Team13,Team42,0.83,2.94,0.65,0.9,0
Team49,Team13,2.94,1.42,0.51,0.51,2
Team34,Team18,1.6,2.7,0.6,0.6,0
Team38,Team14,2.96,1.12,0.34,0.7,2
Team30,Team29,1.67,1.53,0.79,0.84,1
Team50,Team49,0.84,1.19,0.33,0.86,0
Team39,Team34,2.37,1.28,0.81,0.46,2
Team16,Team42,1.93,1.7,0.82,0.36,2
Team43,Team36,1.78,1.2,0.79,0.75,2
Team46,Team33,2.31,2.82,0.56,0.37,0
Team4,Team19,0.68,2.36,0.73,0.44,0
Team36,Team6,0.77,1.08,0.75,0.46,1
Team49,Team13,0.7,1.63,0.74,0.71,0
Team42,Team17,2.65,2.67,0.31,0.77,0
Team4,Team3,2.52,1.3,0.64,0.47,2
Team1,Team5,2.98,2.64,0.36,0.72,1
Team14,Team9,0.52,1.51,0.44,0.79,0
Team20,Team25,0.67,2.98,0.87,0.38,0
Team47,Team7,0.97,1.89,0.47,0.55,0
Team30,Team29,2.69,2.76,0.6,0.5,1
Team34,Team1,2.88,0.65,0.48,0.48,2
Team14,Team24,0.91,2.46,0.37,0.68,0
Team19,Team45,0.55,2.4,0.33,0.82,0
Team6,Team38,0.93,1.69,0.74,0.38,0
Team40,Team26,1.78,2.42,0.86,0.85,0
Team23,Team7,1.0,1.21,0.47,0.53,1
Team4,Team15,1.86,0.9,0.71,0.4,2
Team17,Team38,2.57,2.14,0.55,0.7,1
Team47,Team6,2.48,1.05,0.41,0.87,2
Team13,Team7,1.15,2.92,0.74,0.72,0
Team27,Team5,0.85,2.41,0.37,0.89,0
Team16,Team14,1.7,2.42,0.68,0.68,0
Team33,Team42,1.83,2.36,0.8,0.72,0
Team43,Team7,2.55,1.9,0.7,0.86,2
Team10,Team7,2.56,2.22,0.63,0.45,2
Team33,Team10,2.92,2.14,0.64,0.86,2
Team16,Team42,1.82,2.4,0.73,0.42,1
Team50,Team2,1.45,1.79,0.55,0.42,1
Team22,Team27,1.29,0.64,0.67,0.44,2
Team38,Team42,0.7,0.87,0.48,0.35,1
Team37,Team2,1.49,1.11,0.79,0.51,2
Team17,Team49,1.95,2.29,0.44,0.57,0
Team29,Team24,0.7,2.69,0.74,0.48,0
Team45,Team18,1.0,2.73,0.37,0.3,0
Team20,Team48,2.7,0.62,0.45,0.58,2
Team37,Team19,0.72,1.72,0.71,0.46,0
Team49,Team18,2.57,0.98,0.85,0.63,2
Team44,Team33,1.58,1.28,0.74,0.78,1
Team26,Team36,2.96,2.48,0.66,0.5,2
Team36,Team16,0.6,2.36,0.57,0.31,0
Team16,Team17,1.63,2.37,0.51,0.68,0
Team16,Team7,2.37,1.86,0.42,0.48,2
Team26,Team46,1.45,0.77,0.62,0.54,2
Team2,Team15,2.51,1.25,0.88,0.62,2
Team14,Team25,2.2,2.17,0.61,0.56,1
Team40,Team2,0.56,1.39,0.5,0.53,0
Team48,Team2,0.88,2.32,0.66,0.74,0
Team2,Team37,1.55,1.27,0.86,0.61,2
Team13,Team37,0.8,1.32,0.79,0.66,0
Team40,Team7,1.89,1.96,0.42,0.81,0
Team37,Team49,1.39,2.2,0.46,0.8,0
Team5,Team24,2.47,0.8,0.38,0.47,2
Team26,Team21,2.37,2.59,0.72,0.86,0
Team35,Team14,1.16,2.24,0.42,0.36,0
Team34,Team42,2.55,0.75,0.78,0.79,2
Team1,Team13,0.64,0.94,0.72,0.73,0
Team4,Team19,2.32,2.81,0.76,0.66,0
Team8,Team12,2.06,2.01,0.59,0.62,1
Team11,Team37,0.99,2.51,0.41,0.35,0
Team12,Team15,2.64,2.37,0.78,0.38,2
Team30,Team40,2.73,1.47,0.47,0.73,2
Team38,Team45,1.29,2.63,0.32,0.33,0
Team50,Team38,1.71,0.71,0.88,0.61,2
Team21,Team40,1.71,1.57,0.34,0.36,1
Team32,Team12,1.1,0.99,0.6,0.76,1
Team32,Team43,1.94,0.8,0.32,0.33,2
Team23,Team30,2.3,1.87,0.87,0.45,2
Team47,Team33,1.48,2.04,0.82,0.51,1
Team18,Team47,1.38,2.04,0.83,0.44,1
Team23,Team50,2.92,2.93,0.82,0.66,1
Team40,Team25,1.21,2.08,0.57,0.59,0
Team23,Team16,1.3,2.81,0.33,0.59,0
Team48,Team5,0.91,0.66,0.49,0.43,2
Team40,Team12,2.77,2.36,0.62,0.82,1
Team12,Team2,0.53,1.49,0.81,0.51,0
Team23,Team41,2.37,2.51,0.4,0.62,0
Team11,Team10,2.3,1.18,0.49,0.81,2
Team7,Team41,1.51,1.25,0.68,0.39,2
Team6,Team1,1.02,2.24,0.87,0.9,0
Team21,Team49,1.13,1.61,0.81,0.42,1
Team16,Team31,2.42,1.56,0.64,0.31,2
Team25,Team45,1.61,2.54,0.83,0.35,0
Team12,Team5,2.78,1.47,0.8,0.38,2
Team46,Team34,2.38,2.85,0.71,0.52,1
Team42,Team38,1.19,1.33,0.72,0.76,1
Team10,Team44,2.49,2.35,0.34,0.53,1
Team10,Team13,2.89,2.8,0.33,0.5,1
Team23,Team12,1.1,2.07,0.68,0.81,0
Team43,Team35,1.86,2.13,0.46,0.66,0
Team29,Team42,0.83,1.11,0.48,0.85,0
Team5,Team35,1.69,0.92,0.51,0.54,2
Team27,Team24,1.96,2.71,0.39,0.66,0
Team38,Team23,1.55,2.25,0.55,0.6,0
Team2,Team50,2.23,2.15,0.32,0.52,1
Team40,Team49,1.55,1.75,0.85,0.73,1
Team16,Team48,2.29,1.61,0.86,0.48,2
Team30,Team37,2.39,2.22,0.82,0.9,1
Team49,Team12,1.87,1.54,0.83,0.42,2
Team23,Team20,0.64,2.93,0.61,0.47,0
Team50,Team37,2.64,1.26,0.42,0.38,2
Team36,Team20,2.45,1.68,0.44,0.4,2
Team4,Team35,2.55,0.52,0.57,0.5,2
Team39,Team5,1.63,1.14,0.51,0.72,1
Team21,Team8,0.81,2.9,0.68,0.76,0
Team49,Team9,0.62,0.55,0.41,0.55,1
Team40,Team38,1.64,1.23,0.64,0.37,2
Team33,Team29,2.48,2.97,0.45,0.61,0
Team1,Team8,1.34,2.04,0.86,0.88,0
Team23,Team20,1.87,2.73,0.46,0.58,0
Team47,Team6,2.88,2.56,0.73,0.65,2
Team42,Team21,1.48,1.62,0.74,0.51,1
Team45,Team20,1.29,0.72,0.48,0.88,1
Team23,Team6,1.34,1.93,0.85,0.3,1
Team2,Team20,2.87,0.73,0.4,0.88,2
Team20,Team9,0.54,1.14,0.57,0.72,0
Team17,Team5,2.99,1.22,0.62,0.62,2
Team36,Team41,0.92,2.94,0.81,0.6,0
Team24,Team30,1.07,1.86,0.72,0.61,0
Team19,Team12,0.83,2.63,0.79,0.31,0
Team1,Team16,0.57,1.1,0.32,0.5,0
Team35,Team22,2.49,1.34,0.72,0.41,2
Team45,Team1,1.09,0.86,0.41,0.41,1
Team22,Team18,2.61,0.7,0.72,0.69,2
Team49,Team29,1.11,1.63,0.86,0.7,0
Team36,Team18,0.83,1.16,0.65,0.73,0
Team8,Team36,1.88,1.78,0.71,0.8,1
Team25,Team29,1.3,1.82,0.71,0.46,1
Team20,Team39,0.77,2.55,0.38,0.75,0
Team31,Team12,2.87,2.28,0.3,0.76,1
Team39,Team18,2.45,1.81,0.68,0.77,2
Team7,Team42,2.29,2.02,0.35,0.71,1
Team6,Team39,2.97,1.2,0.54,0.71,2
Team6,Team38,1.65,1.04,0.38,0.87,1
Team3,Team13,1.71,1.05,0.45,0.83,1
Team10,Team40,2.29,1.18,0.76,0.73,2
Team9,Team28,1.77,0.85,0.82,0.82,2
Team35,Team3,1.61,1.26,0.73,0.52,2
Team44,Team25,2.44,2.65,0.81,0.52,1
Team17,Team37,1.28,0.65,0.72,0.31,2
Team2,Team29,2.23,2.42,0.48,0.79,0
Team35,Team12,2.32,2.23,0.89,0.44,2
Team45,Team12,1.83,1.64,0.54,0.56,1
Team45,Team35,1.69,1.33,0.65,0.83,1
Team10,Team43,2.29,1.61,0.32,0.57,2
Team45,Team2,2.82,0.81,0.69,0.33,2
Team16,Team26,1.88,1.24,0.57,0.4,2
Team23,Team28,2.05,1.25,0.84,0.68,2
Team15,Team50,2.59,1.94,0.69,0.58,2
Team47,Team5,0.59,2.1,0.35,0.56,0
Team31,Team10,1.16,1.58,0.9,0.43,1
Team16,Team39,0.86,2.69,0.62,0.58,0
Team5,Team29,2.67,2.57,0.68,0.35,2
Team45,Team27,1.05,1.61,0.84,0.38,1
Team5,Team24,2.55,2.92,0.57,0.6,0
Team19,Team9,2.83,2.65,0.4,0.56,1
Team3,Team30,2.83,0.56,0.72,0.74,2
Team21,Team40,2.94,2.94,0.34,0.79,0
Team18,Team1,1.79,1.85,0.45,0.76,0
Team43,Team38,1.97,1.03,0.36,0.34,2
Team10,Team5,2.65,1.66,0.77,0.87,2
Team50,Team12,1.49,2.83,0.5,0.85,0
Team3,Team11,2.15,2.54,0.75,0.72,0
Team44,Team26,1.29,0.81,0.69,0.32,2
Team37,Team3,2.67,2.73,0.57,0.58,1
Team21,Team2,2.18,2.55,0.45,0.55,0
Team46,Team25,2.69,1.11,0.63,0.42,2
Team21,Team8,2.78,2.55,0.76,0.33,2
Team46,Team31,2.08,1.82,0.65,0.71,1
Team10,Team30,2.32,2.67,0.41,0.54,0
Team7,Team24,1.49,0.81,0.62,0.37,2
Team31,Team14,3.0,1.85,0.47,0.9,2
Team13,Team27,1.6,1.15,0.8,0.73,2
Team29,Team5,2.73,2.22,0.47,0.72,1
Team2,Team26,2.4,2.05,0.35,0.61,1
Team25,Team3,2.01,1.31,0.77,0.34,2
Team18,Team24,2.52,2.18,0.6,0.87,1
Team20,Team1,0.55,1.58,0.32,0.87,0
Team41,Team48,2.47,2.44,0.43,0.67,1
Team45,Team26,1.71,0.54,0.85,0.89,2
Team36,Team16,1.02,2.38,0.45,0.84,0
Team15,Team35,1.98,2.39,0.49,0.57,0
Team35,Team13,2.96,1.23,0.48,0.51,2
Team23,Team7,1.13,2.79,0.46,0.84,0
Team37,Team49,2.14,2.77,0.4,0.88,0
Team50,Team36,0.98,1.8,0.58,0.34,0
Team30,Team37,0.86,0.76,0.55,0.78,1
Team22,Team25,2.11,0.99,0.36,0.4,2
Team36,Team18,1.39,2.14,0.62,0.71,0
Team44,Team39,0.54,0.76,0.4,0.56,0
Team31,Team9,1.56,1.35,0.41,0.3,2
Team14,Team34,2.96,2.22,0.45,0.78,2
Team41,Team19,2.64,2.54,0.57,0.59,1
Team14,Team12,1.28,2.41,0.86,0.86,0
Team17,Team5,2.69,2.34,0.45,0.34,2
Team9,Team30,2.08,2.3,0.45,0.73,0
Team29,Team15,1.44,2.07,0.39,0.79,0
Team16,Team11,2.13,1.51,0.66,0.36,2
Team45,Team42,2.77,1.17,0.79,0.9,2
Team38,Team13,1.16,2.16,0.88,0.85,0
Team44,Team34,2.49,0.84,0.89,0.88,2
Team32,Team34,1.25,0.75,0.46,0.79,1
Team30,Team9,1.36,2.95,0.68,0.55,0
Team13,Team40,2.97,2.55,0.47,0.34,2
Team41,Team45,0.8,1.95,0.86,0.6,0
Team46,Team5,1.61,2.27,0.74,0.4,0
Team25,Team35,2.09,0.68,0.52,0.62,2
Team13,Team3,1.69,2.54,0.56,0.78,0
Team49,Team42,2.53,2.29,0.45,0.85,1
Team18,Team22,2.07,0.57,0.69,0.47,2
Team30,Team44,2.34,1.3,0.6,0.4,2
Team9,Team21,2.29,2.16,0.51,0.31,2
Team19,Team24,2.86,2.08,0.56,0.62,2
Team50,Team42,2.38,2.37,0.39,0.83,0
Team33,Team48,2.96,1.46,0.41,0.51,2
Team42,Team28,0.67,1.95,0.66,0.74,0
Team28,Team34,1.85,0.63,0.72,0.33,2
Team26,Team16,2.26,1.77,0.56,0.38,2
Team2,Team50,2.67,2.76,0.3,0.66,0
Team41,Team8,2.05,0.7,0.43,0.45,2
Team14,Team23,1.66,1.72,0.86,0.68,1
Team23,Team49,1.44,0.75,0.67,0.57,2
Team9,Team16,1.67,2.63,0.86,0.86,0
Team35,Team39,1.46,0.57,0.81,0.52,2
Team49,Team19,0.77,2.91,0.4,0.69,0
Team11,Team31,1.7,2.93,0.3,0.55,0
Team12,Team14,1.77,0.56,0.54,0.43,2
Team22,Team37,2.99,2.5,0.81,0.68,2
Team15,Team32,1.09,0.55,0.83,0.88,2
Team2,Team25,0.52,2.2,0.8,0.39,0
Team3,Team15,2.36,0.58,0.37,0.68,2
Team18,Team9,2.06,0.84,0.37,0.81,2
Team6,Team45,1.71,2.74,0.84,0.35,0
Team3,Team13,2.53,1.04,0.63,0.88,2
Team5,Team10,2.85,0.96,0.64,0.53,2
Team31,Team34,1.18,1.5,0.89,0.62,1
Team11,Team24,1.14,2.25,0.31,0.33,0
Team37,Team21,1.35,2.88,0.84,0.73,0
Team38,Team20,2.21,1.76,0.76,0.59,2
Team3,Team34,1.84,2.65,0.43,0.66,0
Team35,Team12,2.41,1.96,0.46,0.32,2
Team3,Team21,1.75,1.64,0.75,0.38,2
Team50,Team20,1.87,0.72,0.55,0.81,2
Team39,Team25,0.75,0.73,0.46,0.82,0
Team9,Team41,2.3,0.75,0.67,0.51,2
Team50,Team15,1.08,2.1,0.44,0.73,0
Team24,Team18,0.82,2.67,0.66,0.38,0
Team16,Team36,0.9,2.25,0.76,0.36,0
Team49,Team33,2.54,2.84,0.61,0.87,0
Team14,Team30,1.49,2.62,0.6,0.58,0
Team23,Team47,0.64,1.89,0.65,0.86,0
Team17,Team20,1.1,2.48,0.59,0.5,0
Team4,Team11,1.1,2.87,0.48,0.4,0
Team30,Team50,0.59,1.31,0.63,0.63,0
Team12,Team36,1.62,2.91,0.53,0.45,0
Team41,Team6,1.64,2.4,0.42,0.73,0
Team38,Team3,1.72,1.22,0.73,0.87,2
Team45,Team34,1.96,1.66,0.79,0.71,2
Team7,Team47,2.55,1.57,0.41,0.47,2
Team32,Team17,1.8,1.09,0.37,0.37,2
Team27,Team25,1.3,0.59,0.38,0.85,1
Team9,Team36,2.97,1.16,0.7,0.33,2
Team28,Team36,1.46,2.59,0.82,0.66,0
Team30,Team23,0.79,1.97,0.7,0.42,0
Team29,Team44,0.69,0.55,0.36,0.55,1
Team50,Team38,2.09,2.5,0.58,0.52,0
Team8,Team30,0.8,2.39,0.36,0.32,0
Team10,Team36,2.98,0.94,0.7,0.4,2
Team39,Team14,1.76,2.2,0.42,0.75,0
Team15,Team20,2.16,1.73,0.85,0.31,2
Team23,Team13,2.72,0.65,0.57,0.42,2
Team35,Team38,2.12,1.26,0.58,0.47,2
Team17,Team44,0.9,2.71,0.31,0.83,0
Team12,Team46,1.33,2.31,0.6,0.6,0
Team30,Team28,1.47,1.1,0.31,0.52,1
Team24,Team6,1.14,0.73,0.36,0.42,2
Team40,Team48,0.51,2.1,0.38,0.85,0
Team12,Team44,0.68,2.26,0.54,0.85,0
Team22,Team43,0.73,2.87,0.46,0.5,0
Team18,Team29,0.63,1.74,0.37,0.54,0
Team27,Team37,2.43,2.51,0.39,0.52,1
Team47,Team26,0.88,2.5,0.72,0.41,0
Team39,Team28,0.62,0.94,0.87,0.34,1
Team44,Team49,1.76,1.73,0.3,0.6,1
Team47,Team42,2.93,0.9,0.51,0.55,2
Team23,Team7,2.16,1.04,0.43,0.74,2
Team9,Team49,1.54,0.92,0.41,0.31,2
Team14,Team45,1.89,2.73,0.47,0.5,0
Team10,Team4,1.87,2.05,0.7,0.8,1
Team33,Team49,0.8,2.63,0.39,0.88,0
Team11,Team49,1.75,2.95,0.36,0.48,0
Team29,Team31,2.18,2.16,0.57,0.8,1
Team44,Team8,1.14,1.41,0.81,0.42,1
Team40,Team46,1.91,2.41,0.73,0.42,1
Team40,Team32,2.67,1.58,0.88,0.57,2
Team23,Team36,2.91,2.29,0.9,0.72,2
Team3,Team47,2.31,1.28,0.77,0.57,2
Team43,Team35,2.44,1.46,0.57,0.53,2
Team40,Team34,1.81,2.52,0.52,0.61,0
Team16,Team30,1.19,2.83,0.73,0.65,0
Team21,Team5,0.57,2.05,0.61,0.63,0
Team47,Team46,1.61,2.17,0.49,0.71,0
Team10,Team26,1.09,2.95,0.53,0.46,0
Team26,Team14,2.36,0.92,0.41,0.58,2
Team30,Team12,1.12,2.11,0.69,0.79,0
Team4,Team17,2.67,1.54,0.72,0.46,2
Team39,Team12,0.53,0.87,0.77,0.57,1
Team26,Team41,2.89,2.8,0.49,0.43,1
Team25,Team24,2.77,1.85,0.68,0.45,2
Team27,Team15,0.91,1.76,0.8,0.7,0
Team9,Team24,2.84,2.78,0.43,0.32,1
Team21,Team46,2.57,2.92,0.83,0.66,1
Team28,Team44,0.57,1.12,0.58,0.68,0
Team3,Team46,1.17,2.58,0.56,0.69,0
Team27,Team34,2.23,2.98,0.47,0.6,0
Team48,Team8,1.6,2.64,0.71,0.83,0
Team29,Team20,2.9,2.15,0.61,0.31,2
Team38,Team29,2.85,0.62,0.51,0.81,2
Team17,Team15,1.0,1.56,0.53,0.85,0
Team18,Team15,1.76,2.97,0.58,0.33,0
Team38,Team5,2.87,2.42,0.46,0.65,1
Team22,Team32,2.85,2.7,0.61,0.76,1
Team20,Team5,1.45,2.89,0.82,0.72,0
Team22,Team8,2.31,0.58,0.66,0.62,2
Team11,Team41,1.58,1.22,0.66,0.33,2
Team49,Team23,2.77,0.98,0.67,0.54,2
Team38,Team20,1.37,1.16,0.71,0.87,1
Team10,Team36,2.53,0.64,0.62,0.34,2
Team49,Team36,2.32,1.05,0.57,0.78,2
Team41,Team48,2.81,1.79,0.37,0.62,2
Team21,Team41,1.98,1.71,0.67,0.31,2
Team6,Team17,1.73,2.88,0.53,0.55,0
Team49,Team50,2.01,1.25,0.55,0.43,2
Team36,Team21,0.83,1.43,0.32,0.43,0
Team17,Team30,1.0,0.7,0.58,0.31,2
Team12,Team36,2.52,2.43,0.85,0.81,1
Team42,Team37,0.63,2.46,0.81,0.78,0
Team31,Team29,1.08,2.61,0.74,0.89,0
Team11,Team35,1.06,1.03,0.78,0.41,2
Team13,Team38,3.0,0.56,0.8,0.52,2
Team13,Team38,1.89,2.75,0.86,0.31,0
Team7,Team40,2.67,1.75,0.34,0.73,2
Team4,Team7,2.51,2.92,0.46,0.6,0
Team25,Team34,1.9,1.76,0.39,0.57,1
Team33,Team1,1.8,1.96,0.31,0.76,0
Team14,Team32,1.42,0.63,0.75,0.87,2
Team17,Team23,2.02,1.51,0.71,0.41,2
Team6,Team22,1.9,1.47,0.55,0.64,2
Team20,Team34,0.7,2.7,0.35,0.72,0
Team16,Team21,1.44,2.81,0.6,0.7,0
Team2,Team16,2.68,1.75,0.56,0.5,2
Team13,Team34,1.22,1.12,0.51,0.41,1
Team3,Team48,2.04,1.71,0.53,0.85,1
Team12,Team29,2.42,2.75,0.57,0.63,0
Team23,Team20,1.03,1.8,0.58,0.46,0
Team6,Team37,2.84,1.27,0.82,0.76,2
Team45,Team37,0.59,0.75,0.74,0.42,1
Team15,Team27,1.0,1.26,0.61,0.69,0
Team35,Team43,2.42,2.93,0.47,0.34,0
Team12,Team43,2.36,1.6,0.79,0.63,2
Team13,Team19,2.87,0.67,0.57,0.67,2
Team41,Team10,1.62,2.39,0.78,0.6,0
Team3,Team12,1.53,2.75,0.84,0.71,0
Team50,Team7,1.0,1.6,0.55,0.56,0
Team20,Team35,1.8,0.87,0.34,0.74,2
Team1,Team35,1.4,2.52,0.53,0.78,0
Team21,Team25,0.68,2.83,0.54,0.78,0
Team33,Team24,2.52,1.12,0.34,0.38,2
Team13,Team17,2.08,1.13,0.63,0.62,2
Team46,Team1,1.08,2.66,0.49,0.72,0
Team39,Team43,1.38,1.86,0.34,0.77,0
Team14,Team12,2.19,2.51,0.64,0.74,0
Team1,Team43,1.24,1.93,0.75,0.53,0
Team9,Team23,1.65,2.54,0.86,0.63,0
Team36,Team41,1.35,1.75,0.56,0.43,1
Team42,Team44,0.53,0.88,0.72,0.45,1
Team16,Team5,1.98,2.72,0.83,0.75,0
Team17,Team27,2.47,0.54,0.63,0.81,2
Team47,Team20,0.51,0.53,0.55,0.39,1
Team37,Team4,2.27,0.94,0.83,0.57,2
Team48,Team33,2.41,2.47,0.68,0.81,1
Team10,Team1,2.71,1.58,0.75,0.9,2
Team5,Team42,0.79,1.8,0.65,0.4,0
Team44,Team25,0.94,0.94,0.85,0.58,1
Team49,Team33,0.9,0.91,0.47,0.78,0
Team29,Team14,1.8,2.03,0.46,0.47,1
Team21,Team29,2.52,0.62,0.66,0.78,2
Team38,Team43,0.54,1.28,0.65,0.38,0
Team1,Team40,1.88,2.0,0.46,0.54,1
Team23,Team42,2.85,2.65,0.64,0.55,1
Team10,Team21,1.5,1.29,0.58,0.47,2
Team31,Team23,1.28,0.75,0.62,0.33,2
Team11,Team29,1.05,1.66,0.56,0.78,0
Team47,Team9,1.57,1.33,0.49,0.76,1
Team30,Team32,0.53,2.49,0.59,0.38,0
Team4,Team37,2.83,2.65,0.73,0.59,2
Team10,Team35,2.94,2.91,0.43,0.79,0
Team2,Team33,1.03,2.19,0.54,0.86,0
Team13,Team16,1.78,2.8,0.84,0.39,0
Team47,Team38,2.05,0.9,0.88,0.85,2
Team50,Team10,2.36,1.79,0.5,0.8,1
Team4,Team7,0.68,1.07,0.86,0.85,0
Team49,Team6,1.32,2.07,0.47,0.85,0
Team7,Team27,1.07,2.68,0.79,0.44,0
Team36,Team23,2.29,1.29,0.48,0.39,2
Team13,Team36,1.57,2.33,0.5,0.5,0
Team41,Team49,0.98,0.98,0.76,0.46,2
Team41,Team1,1.01,1.3,0.58,0.87,0
Team11,Team15,1.02,1.4,0.39,0.61,0
Team41,Team3,1.69,2.59,0.75,0.59,0
Team31,Team41,0.51,1.3,0.55,0.44,0
Team19,Team8,0.59,2.11,0.46,0.33,0
Team17,Team37,2.5,2.63,0.59,0.55,1
Team37,Team32,1.0,1.04,0.48,0.4,1
Team8,Team4,2.78,2.04,0.55,0.86,2
Team48,Team27,1.03,1.91,0.67,0.32,0
Team9,Team4,2.12,2.25,0.68,0.49,1
Team13,Team40,1.57,0.82,0.87,0.59,2
Team28,Team2,1.74,1.28,0.79,0.82,2
Team48,Team20,0.68,1.23,0.83,0.39,1
Team47,Team49,2.48,1.11,0.85,0.36,2
Team12,Team21,1.4,1.85,0.71,0.72,0
Team43,Team50,1.83,1.5,0.87,0.69,2
Team28,Team23,2.61,1.41,0.7,0.58,2
Team42,Team47,1.94,2.11,0.81,0.48,1
Team29,Team32,1.45,1.38,0.38,0.7,1
Team22,Team20,2.3,1.38,0.5,0.58,2
Team5,Team26,2.51,1.42,0.81,0.78,2
Team1,Team23,2.23,0.9,0.84,0.54,2
Team18,Team3,2.26,2.55,0.44,0.7,0
Team11,Team50,1.42,2.23,0.53,0.51,0
Team47,Team37,0.75,2.19,0.45,0.31,0
Team41,Team39,2.02,2.27,0.31,0.32,1
Team13,Team29,0.68,2.74,0.44,0.74,0
Team18,Team9,2.25,1.5,0.35,0.74,2
Team4,Team34,0.51,0.52,0.79,0.46,2
Team41,Team46,1.61,2.59,0.46,0.57,0
Team37,Team20,1.17,1.98,0.6,0.31,0
Team50,Team25,2.22,2.46,0.78,0.38,1
Team8,Team5,1.82,2.82,0.59,0.59,0
Team50,Team16,2.51,1.12,0.84,0.85,2
Team16,Team15,1.8,2.19,0.77,0.38,1
Team15,Team20,1.47,1.11,0.85,0.61,2
Team8,Team29,0.55,2.93,0.43,0.78,0
Team4,Team33,2.69,1.93,0.31,0.45,2
Team15,Team13,1.71,2.12,0.31,0.69,0
Team22,Team15,0.59,2.99,0.59,0.75,0
Team1,Team18,0.61,1.27,0.49,0.8,0
Team47,Team38,1.19,2.92,0.49,0.9,0
Team10,Team21,1.28,1.72,0.7,0.62,0
Team39,Team28,2.3,2.8,0.54,0.41,0
Team37,Team12,2.51,0.66,0.72,0.64,2
Team45,Team40,1.84,2.7,0.55,0.59,0
Team16,Team23,1.2,1.31,0.87,0.47,1
Team26,Team8,2.18,0.91,0.59,0.74,2
Team45,Team9,2.96,2.34,0.76,0.69,2
Team21,Team32,1.16,2.83,0.73,0.75,0
Team6,Team46,0.69,1.27,0.69,0.44,0
Team21,Team35,1.18,2.56,0.61,0.58,0
Team9,Team38,2.34,0.68,0.82,0.6,2
Team9,Team33,0.63,2.65,0.57,0.46,0
Team24,Team13,2.54,1.37,0.78,0.51,2
Team24,Team27,2.9,2.13,0.57,0.54,2
Team29,Team17,2.95,0.84,0.49,0.59,2
Team25,Team32,1.68,0.94,0.39,0.45,2
Team8,Team36,0.78,2.39,0.75,0.79,0
Team3,Team5,0.83,2.42,0.86,0.87,0
Team47,Team26,2.69,0.71,0.85,0.48,2
Team5,Team32,1.52,1.46,0.78,0.57,1
Team23,Team49,0.68,2.64,0.77,0.36,0
Team5,Team18,2.84,2.78,0.87,0.45,2
Team11,Team46,2.92,1.14,0.82,0.63,2
Team49,Team46,1.36,1.9,0.34,0.76,0
Team10,Team9,2.72,1.42,0.39,0.72,2
Team14,Team26,1.59,2.55,0.84,0.37,0
Team50,Team24,1.21,0.62,0.7,0.82,2
Team26,Team1,2.53,2.63,0.85,0.46,1
Team22,Team11,1.3,1.88,0.33,0.33,0
Team48,Team21,1.61,1.14,0.41,0.7,1
Team13,Team23,2.51,0.7,0.41,0.53,2
Team14,Team48,2.74,0.82,0.37,0.39,2
Team42,Team49,0.68,2.15,0.56,0.76,0
Team1,Team48,2.15,0.63,0.36,0.83,2
Team37,Team42,1.76,1.86,0.47,0.87,0
Team1,Team13,2.31,0.69,0.36,0.6,2
Team32,Team43,2.95,0.9,0.59,0.52,2
Team2,Team10,0.82,1.58,0.46,0.83,0
Team12,Team21,1.14,2.28,0.59,0.54,0
Team37,Team47,1.6,2.43,0.46,0.3,0
Team24,Team16,2.14,1.61,0.87,0.45,2
Team17,Team26,1.51,1.02,0.79,0.75,2
Team31,Team27,0.74,1.94,0.63,0.41,0
Team35,Team47,2.98,2.46,0.85,0.42,2
Team25,Team32,0.86,1.77,0.8,0.51,0
Team17,Team46,0.82,0.81,0.67,0.71,1
Team48,Team27,1.32,0.61,0.6,0.63,2
Team26,Team37,2.2,0.94,0.73,0.72,2
Team28,Team1,2.14,1.48,0.42,0.74,2
Team21,Team9,1.95,0.97,0.84,0.7,2
Team44,Team8,0.75,2.01,0.37,0.35,0
Team3,Team31,1.51,1.97,0.35,0.56,0
Team40,Team22,2.97,1.9,0.71,0.5,2
Team33,Team14,2.94,1.22,0.55,0.69,2
Team48,Team46,1.84,1.2,0.34,0.4,2
Team26,Team6,2.22,1.25,0.68,0.39,2
Team5,Team44,1.04,2.17,0.88,0.41,0
Team17,Team40,1.56,1.62,0.45,0.8,0
Team21,Team18,2.66,1.25,0.42,0.37,2
Team40,Team15,2.23,1.48,0.55,0.58,2
Team4,Team16,0.75,1.27,0.7,0.7,0
Team18,Team1,1.65,0.98,0.43,0.31,2
Team3,Team4,1.03,1.07,0.47,0.38,1
Team26,Team4,1.63,2.38,0.87,0.76,0
Team23,Team21,2.4,0.92,0.8,0.42,2
Team26,Team42,1.65,2.19,0.6,0.36,1
Team3,Team1,2.9,1.3,0.9,0.81,2
Team49,Team14,2.75,1.89,0.82,0.8,2
Team38,Team40,1.34,2.54,0.32,0.82,0
Team25,Team49,1.5,1.74,0.7,0.31,1
Team31,Team13,1.62,1.36,0.38,0.56,1
Team23,Team46,1.51,2.2,0.55,0.88,0
Team3,Team8,0.77,1.49,0.5,0.64,0
Team18,Team33,0.7,0.68,0.81,0.43,2
Team8,Team16,1.86,2.58,0.38,0.38,0
Team34,Team26,2.2,1.13,0.83,0.64,2
Team8,Team21,1.06,1.73,0.88,0.76,0
Team18,Team32,1.21,1.1,0.77,0.33,2
Team26,Team9,2.14,2.9,0.86,0.77,0
Team34,Team33,1.19,2.61,0.56,0.46,0
Team21,Team19,2.59,0.87,0.57,0.6,2
Team21,Team40,0.99,2.57,0.8,0.48,0
Team33,Team2,2.43,1.54,0.75,0.88,2
Team17,Team26,1.13,2.57,0.72,0.87,0
Team26,Team37,2.64,1.83,0.45,0.71,2
Team27,Team46,1.08,1.93,0.79,0.32,0
Team37,Team32,1.37,1.23,0.54,0.51,1
Team8,Team33,1.19,2.33,0.36,0.87,0
Team14,Team34,2.37,0.52,0.4,0.65,2
Team43,Team16,2.08,2.34,0.52,0.73,0
Team9,Team10,2.26,1.72,0.53,0.43,2
Team33,Team1,1.61,2.86,0.33,0.81,0
Team49,Team18,2.72,2.53,0.52,0.44,1
Team5,Team41,0.94,2.47,0.49,0.85,0
Team39,Team16,2.43,2.7,0.78,0.66,1
Team48,Team25,2.6,1.68,0.32,0.68,2
Team12,Team18,2.82,2.9,0.41,0.71,0
Team12,Team42,2.32,1.37,0.71,0.52,2
Team9,Team42,1.52,0.78,0.65,0.32,2
Team34,Team47,2.96,2.17,0.33,0.5,2
Team45,Team23,1.89,2.73,0.88,0.33,1
Team37,Team22,2.22,1.79,0.42,0.49,2
Team2,Team33,0.68,0.87,0.34,0.79,0
Team1,Team18,0.97,0.78,0.73,0.39,2
Team7,Team24,2.05,2.44,0.6,0.51,0
Team25,Team19,2.11,2.23,0.82,0.51,1
Team13,Team33,1.9,2.71,0.62,0.61,0
Team26,Team10,2.37,2.91,0.34,0.33,0
Team3,Team4,1.82,2.04,0.59,0.36,1
Team39,Team18,2.37,1.28,0.48,0.8,2
Team10,Team29,2.7,1.14,0.66,0.86,2
Team41,Team44,1.54,2.22,0.51,0.47,0
Team33,Team5,2.38,2.11,0.51,0.33,2
Team19,Team48,0.52,1.7,0.31,0.36,0
Team13,Team15,1.59,1.2,0.65,0.33,2
Team23,Team28,2.24,0.86,0.68,0.33,2
Team19,Team1,0.51,2.37,0.84,0.38,0
Team48,Team11,2.27,1.66,0.78,0.41,2
Team11,Team8,1.46,1.35,0.82,0.64,1
Team26,Team19,2.16,0.7,0.66,0.4,2
Team26,Team32,1.25,1.66,0.66,0.4,1
Team44,Team2,2.8,0.82,0.57,0.79,2
Team28,Team39,1.12,2.37,0.46,0.83,0
Team6,Team19,0.99,2.03,0.35,0.53,0
Team7,Team18,1.82,2.47,0.8,0.69,0
Team23,Team30,2.64,1.25,0.85,0.44,2
Team10,Team20,2.08,2.37,0.56,0.86,0
Team6,Team9,1.22,2.1,0.47,0.48,0
Team23,Team19,2.63,1.75,0.71,0.54,2
Team33,Team4,2.01,2.83,0.42,0.39,0
Team6,Team45,0.97,1.17,0.78,0.57,1
Team42,Team13,1.3,1.45,0.89,0.45,1
Team18,Team45,2.61,1.1,0.55,0.67,2
Team18,Team34,1.65,1.41,0.65,0.67,1
Team39,Team44,1.92,1.39,0.53,0.55,2
Team42,Team35,2.64,2.86,0.5,0.64,0
Team25,Team49,1.0,1.53,0.42,0.83,0
Team47,Team1,1.02,2.76,0.8,0.58,0
Team41,Team35,1.6,0.67,0.58,0.79,2
Team16,Team19,0.8,0.53,0.48,0.72,1
Team15,Team41,1.78,0.84,0.64,0.54,2
Team40,Team42,2.7,1.52,0.47,0.31,2
Team44,Team6,1.44,0.96,0.56,0.89,1
Team9,Team7,2.0,2.44,0.75,0.5,1
Team17,Team2,2.68,0.54,0.56,0.43,2
Team6,Team39,2.37,0.73,0.61,0.64,2
Team13,Team36,1.03,1.49,0.49,0.54,0
Team48,Team50,1.76,2.5,0.56,0.59,0
Team28,Team40,2.27,1.73,0.45,0.83,1
Team42,Team33,1.05,1.17,0.78,0.33,2
Team29,Team24,1.23,2.53,0.35,0.78,0
Team38,Team11,1.84,0.62,0.3,0.45,2
Team29,Team26,0.8,0.78,0.55,0.69,1
Team12,Team32,0.95,0.7,0.86,0.46,2
Team1,Team28,2.07,0.74,0.36,0.74,2
Team23,Team46,2.94,0.59,0.57,0.37,2
Team13,Team30,3.0,2.72,0.33,0.64,1
Team41,Team42,0.91,1.45,0.38,0.67,0
Team46,Team10,2.83,1.2,0.87,0.34,2
Team15,Team48,0.64,2.73,0.62,0.7,0
Team28,Team7,0.88,0.6,0.83,0.49,2
Team39,Team4,2.74,0.82,0.32,0.71,2
Team29,Team26,2.84,1.09,0.35,0.46,2
Team3,Team44,2.79,1.38,0.55,0.31,2
Team13,Team16,2.51,2.04,0.75,0.57,2
Team32,Team20,1.71,1.31,0.8,0.48,2
Team8,Team30,0.84,2.22,0.85,0.67,0
Team50,Team41,2.9,2.07,0.46,0.48,2
Team50,Team20,2.34,1.26,0.51,0.89,2
Team23,Team49,2.55,0.73,0.7,0.33,2
Team14,Team4,2.61,1.5,0.61,0.54,2
Team8,Team2,2.51,1.18,0.73,0.42,2
Team23,Team3,1.34,1.97,0.57,0.75,0
Team34,Team38,0.53,2.44,0.79,0.34,0
Team44,Team18,1.45,2.48,0.82,0.81,0
Team3,Team19,1.17,2.53,0.62,0.33,0
Team1,Team27,2.26,1.63,0.36,0.72,1
Team35,Team1,2.68,0.85,0.38,0.41,2
Team32,Team12,2.13,2.43,0.52,0.41,1
Team5,Team26,1.32,2.65,0.37,0.56,0
Team47,Team21,2.91,0.54,0.59,0.5,2
Team17,Team21,1.93,1.59,0.55,0.74,1
Team23,Team42,1.12,2.02,0.65,0.52,0
Team29,Team23,1.4,2.44,0.74,0.84,0
Team36,Team49,1.83,1.54,0.81,0.44,2
Team22,Team13,1.61,1.96,0.89,0.62,1
Team29,Team3,0.71,0.98,0.56,0.65,0
Team43,Team26,2.97,1.47,0.33,0.78,2
Team7,Team11,1.0,1.74,0.75,0.76,0
Team14,Team17,2.47,0.55,0.59,0.5,2
Team2,Team40,1.28,2.57,0.66,0.78,0
Team23,Team21,0.79,2.14,0.47,0.3,0
Team45,Team26,2.6,0.58,0.61,0.64,2
Team38,Team5,1.69,2.48,0.38,0.49,0
Team9,Team30,1.85,1.22,0.37,0.72,1
Team10,Team6,1.88,2.27,0.37,0.48,0
Team47,Team25,1.1,2.18,0.42,0.84,0
Team32,Team36,2.28,1.46,0.54,0.77,2
Team19,Team35,1.73,2.3,0.86,0.35,1
Team31,Team19,0.77,2.97,0.67,0.69,0
Team26,Team41,1.1,2.15,0.85,0.89,0
Team33,Team44,0.6,0.74,0.3,0.39,1
Team19,Team30,2.99,1.22,0.39,0.44,2
Team10,Team32,2.68,1.49,0.5,0.42,2
Team49,Team16,2.39,1.96,0.71,0.64,2
Team32,Team6,0.51,2.83,0.37,0.54,0
Team26,Team47,1.59,2.87,0.58,0.82,0
Team20,Team7,2.4,0.54,0.63,0.53,2
Team20,Team27,1.91,1.28,0.48,0.74,2
Team34,Team7,1.12,1.35,0.4,0.65,0
Team15,Team23,1.56,0.51,0.49,0.62,2
Team29,Team33,1.87,2.26,0.78,0.68,1
Team18,Team36,2.28,2.19,0.31,0.55,1
Team15,Team5,1.4,2.17,0.32,0.53,0
Team23,Team29,2.95,0.53,0.67,0.55,2
Team26,Team49,1.13,2.95,0.67,0.78,0
Team31,Team12,0.55,2.54,0.31,0.69,0
Team20,Team38,2.03,2.24,0.51,0.36,1
Team7,Team30,1.97,1.8,0.75,0.61,2
Team31,Team17,1.5,0.57,0.5,0.89,2
Team16,Team20,1.32,1.97,0.81,0.56,0
Team42,Team13,2.74,1.62,0.56,0.77,2
Team24,Team5,1.8,2.59,0.8,0.87,0
Team2,Team42,0.55,1.7,0.61,0.44,0
Team5,Team13,1.97,2.41,0.9,0.75,1
Team3,Team24,1.69,1.18,0.32,0.66,1
Team23,Team3,2.67,2.37,0.81,0.6,2
Team39,Team25,2.24,1.02,0.56,0.34,2
Team19,Team16,2.26,1.9,0.84,0.37,2
Team6,Team5,2.51,1.58,0.77,0.58,2
Team8,Team25,1.72,1.66,0.77,0.79,1
Team44,Team46,0.95,1.67,0.88,0.75,0
Team47,Team6,0.58,1.67,0.69,0.8,0
Team43,Team9,1.72,2.41,0.8,0.51,0
Team41,Team29,0.63,0.9,0.79,0.38,1
Team16,Team6,2.07,2.26,0.69,0.88,0
Team17,Team14,1.62,0.66,0.59,0.71,2
Team15,Team19,1.95,1.47,0.4,0.44,2
Team35,Team40,1.56,1.79,0.4,0.7,0
Team12,Team50,1.14,1.73,0.89,0.5,1
Team25,Team45,0.73,2.02,0.35,0.88,0
Team36,Team9,0.66,1.94,0.51,0.47,0
Team48,Team5,1.75,2.83,0.65,0.62,0
Team39,Team29,1.02,0.51,0.44,0.61,2
Team38,Team1,1.36,2.99,0.76,0.76,0
Team26,Team8,1.93,2.4,0.39,0.64,0
Team14,Team33,2.77,1.55,0.77,0.46,2
Team5,Team14,1.27,0.83,0.42,0.65,1
Team8,Team26,2.66,2.9,0.45,0.57,0
Team27,Team20,1.53,1.18,0.42,0.69,1
Team25,Team43,0.95,2.22,0.64,0.82,0
Team14,Team1,2.46,2.18,0.37,0.72,1
Team13,Team9,2.78,2.35,0.42,0.81,1
Team16,Team8,2.36,2.21,0.76,0.62,1
Team14,Team31,0.75,1.27,0.67,0.88,0
Team33,Team45,1.2,1.61,0.4,0.82,0
Team29,Team31,0.71,2.13,0.69,0.87,0
Team22,Team46,1.12,2.82,0.86,0.73,0
Team44,Team37,0.73,1.78,0.44,0.41,0
Team40,Team17,1.67,2.85,0.41,0.89,0
Team4,Team25,1.89,0.93,0.49,0.55,2
Team15,Team32,1.2,2.93,0.39,0.74,0
Team29,Team17,1.99,2.79,0.47,0.41,0
Team50,Team11,2.28,2.22,0.49,0.45,1
Team21,Team18,1.16,1.39,0.4,0.59,0
Team21,Team38,1.57,1.84,0.31,0.57,0
Team4,Team22,2.2,2.09,0.85,0.31,2
Team49,Team43,2.47,1.85,0.49,0.38,2
Team4,Team21,2.34,2.15,0.79,0.38,2
Team24,Team44,1.99,1.34,0.79,0.78,2
Team23,Team12,0.79,2.92,0.88,0.51,0
Team49,Team21,0.92,2.98,0.64,0.51,0
Team4,Team28,1.14,2.16,0.55,0.88,0
Team43,Team44,1.86,2.8,0.84,0.57,0
Team41,Team28,1.48,1.47,0.47,0.46,1
Team3,Team22,1.17,1.32,0.7,0.48,1
Team28,Team26,0.9,1.28,0.36,0.31,0
Team17,Team24,2.44,2.49,0.62,0.49,1
Team28,Team3,2.34,2.0,0.69,0.31,2
Team11,Team38,0.67,1.42,0.54,0.3,0
Team31,Team26,2.65,0.89,0.57,0.54,2
Team15,Team42,1.72,0.89,0.52,0.5,2
Team1,Team3,0.77,1.08,0.87,0.87,0
Team27,Team30,0.54,0.9,0.9,0.41,1
Team3,Team19,0.55,2.01,0.47,0.82,0
Team39,Team8,2.22,2.19,0.43,0.32,1
Team45,Team47,2.53,1.89,0.87,0.6,2
Team11,Team48,1.4,1.45,0.55,0.63,1
Team9,Team50,1.62,1.6,0.35,0.73,0
Team12,Team22,0.99,1.53,0.44,0.65,0
Team34,Team25,1.62,1.84,0.42,0.39,1
Team45,Team2,1.58,1.53,0.32,0.6,1
Team8,Team15,1.9,2.27,0.41,0.45,0
Team46,Team19,2.87,0.84,0.6,0.43,2
Team7,Team17,1.75,1.98,0.39,0.54,0
Team23,Team20,3.0,2.97,0.83,0.54,2
Team50,Team28,1.54,2.12,0.49,0.66,0
Team33,Team45,0.56,2.48,0.31,0.48,0
Team22,Team17,1.44,0.66,0.85,0.55,2
Team17,Team29,1.37,2.07,0.77,0.69,0
Team44,Team37,2.76,2.66,0.7,0.43,2
Team37,Team34,1.77,2.29,0.8,0.75,0
Team19,Team8,0.66,0.58,0.46,0.84,1
Team36,Team17,2.21,2.25,0.74,0.87,1
Team44,Team12,2.06,2.16,0.43,0.69,0
Team11,Team14,0.88,2.52,0.61,0.89,0
Team9,Team7,1.7,1.62,0.37,0.56,1
Team47,Team28,0.9,1.21,0.44,0.74,0
Team12,Team37,0.76,0.81,0.36,0.67,0
Team37,Team17,0.93,2.89,0.81,0.44,0
Team25,Team22,1.73,0.55,0.7,0.61,2
Team26,Team44,2.51,2.48,0.38,0.54,1
Team17,Team48,1.14,1.16,0.63,0.55,1
Team6,Team17,2.93,1.08,0.76,0.5,2
Team42,Team30,2.64,1.27,0.7,0.64,2
Team8,Team24,1.74,2.33,0.35,0.7,0
Team5,Team17,0.64,0.85,0.73,0.56,1
Team48,Team2,1.75,1.71,0.39,0.76,0
Team44,Team40,1.35,0.87,0.63,0.75,2
Team20,Team14,2.42,0.6,0.37,0.42,2
Team16,Team7,2.61,1.37,0.69,0.73,2
Team47,Team36,1.29,1.65,0.44,0.68,0
Team6,Team49,2.92,2.26,0.38,0.55,2
Team32,Team46,1.84,2.6,0.65,0.34,0
Team27,Team39,1.78,2.86,0.33,0.6,0
Team40,Team30,2.46,1.38,0.48,0.64,2
Team25,Team2,0.55,2.33,0.86,0.69,0
Team32,Team21,0.65,1.81,0.6,0.39,0
Team24,Team45,1.6,2.99,0.55,0.66,0
Team46,Team41,1.64,1.1,0.8,0.77,2
Team46,Team11,2.24,1.54,0.64,0.69,2
Team23,Team18,2.79,0.83,0.7,0.3,2
Team11,Team12,0.74,1.33,0.52,0.43,0
Team49,Team45,1.61,0.59,0.49,0.79,2
Team38,Team6,2.25,1.28,0.36,0.46,2
Team34,Team27,2.95,1.73,0.31,0.38,2
Team41,Team8,1.95,0.69,0.87,0.52,2
Team13,Team4,2.39,2.02,0.68,0.68,2
Team8,Team13,1.88,2.97,0.74,0.77,0
Team14,Team6,1.04,0.71,0.59,0.61,2
Team32,Team12,1.61,1.93,0.62,0.32,1
Team37,Team25,2.57,0.89,0.66,0.66,2
Team6,Team26,0.81,2.95,0.54,0.44,0
Team34,Team6,2.17,2.02,0.69,0.35,2
Team8,Team41,1.42,2.39,0.88,0.37,0
Team46,Team22,2.53,1.17,0.43,0.8,2
Team13,Team29,1.89,1.2,0.54,0.4,2
Team34,Team7,2.43,2.69,0.32,0.64,0
Team50,Team42,2.63,1.16,0.61,0.57,2
Team25,Team26,2.15,1.98,0.74,0.64,1
Team43,Team23,0.79,1.99,0.46,0.35,0
Team20,Team34,1.89,1.32,0.73,0.69,2
Team28,Team46,2.39,2.12,0.68,0.63,2
Team12,Team32,1.44,2.86,0.79,0.65,0
Team1,Team30,1.01,1.35,0.59,0.48,1
Team12,Team22,2.48,1.43,0.64,0.33,2
Team50,Team15,1.13,2.22,0.81,0.64,0
Team48,Team50,1.51,0.9,0.37,0.76,1
Team14,Team18,0.71,0.63,0.45,0.34,1
Team6,Team34,2.0,1.23,0.71,0.78,2
Team28,Team23,1.83,0.75,0.82,0.6,2
Team38,Team7,0.81,0.6,0.47,0.45,1
Team19,Team9,0.55,1.8,0.54,0.65,0
Team22,Team13,2.09,2.96,0.38,0.56,0
Team18,Team2,1.54,2.16,0.59,0.61,0
Team28,Team37,2.98,2.82,0.48,0.37,1
Team14,Team41,1.94,2.88,0.82,0.44,0
Team46,Team23,1.95,2.86,0.79,0.75,0
Team16,Team17,0.95,2.56,0.47,0.86,0
Team9,Team35,1.17,1.79,0.36,0.7,0
Team24,Team7,2.3,1.81,0.33,0.86,1
Team13,Team24,2.36,2.49,0.75,0.56,1
Team45,Team5,2.06,2.64,0.78,0.32,1
Team24,Team18,0.76,2.0,0.82,0.37,0
Team23,Team22,1.45,1.94,0.78,0.49,1
Team42,Team23,0.84,1.23,0.39,0.79,0
Team5,Team46,1.16,2.26,0.78,0.44,0
Team48,Team1,2.06,1.91,0.54,0.69,1
Team44,Team48,2.72,1.67,0.69,0.84,2
Team1,Team39,2.9,1.54,0.66,0.73,2
Team20,Team17,1.11,2.37,0.61,0.46,0
Team46,Team28,1.88,2.15,0.49,0.59,0
Team18,Team41,1.51,1.0,0.88,0.61,2
Team24,Team39,1.53,1.39,0.54,0.55,1
Team2,Team40,1.86,1.74,0.38,0.6,1
Team45,Team44,0.82,2.83,0.66,0.7,0
Team37,Team34,2.77,2.09,0.76,0.52,2
Team35,Team29,1.19,1.84,0.51,0.38,0
Team36,Team7,1.6,0.58,0.76,0.67,2
Team20,Team3,1.87,1.98,0.86,0.31,2
Team3,Team1,0.98,0.92,0.41,0.7,1
Team9,Team14,0.5,2.88,0.79,0.84,0
Team36,Team10,2.52,2.59,0.36,0.74,0
Team48,Team3,1.76,1.53,0.83,0.38,2
Team48,Team14,2.83,0.69,0.6,0.71,2
Team19,Team36,1.96,2.77,0.87,0.34,1
Team35,Team32,1.99,1.3,0.57,0.45,2
Team45,Team44,0.73,1.97,0.62,0.46,0
Team43,Team19,1.75,1.8,0.57,0.45,1
Team25,Team43,0.75,2.39,0.43,0.33,0
Team24,Team44,0.89,2.06,0.5,0.38,0
Team44,Team49,0.54,2.6,0.61,0.38,0
Team46,Team18,1.62,0.97,0.46,0.62,2
Team27,Team41,1.5,2.29,0.83,0.43,0
Team30,Team26,1.11,0.92,0.76,0.38,2
Team23,Team30,1.77,2.22,0.68,0.79,0
Team19,Team11,1.92,2.89,0.49,0.43,0
Team8,Team5,2.4,1.06,0.35,0.79,2
Team4,Team37,2.11,1.19,0.9,0.84,2
Team36,Team39,2.56,2.54,0.86,0.8,1
Team29,Team14,2.02,1.67,0.68,0.78,1
Team13,Team47,1.67,1.93,0.57,0.7,0
Team5,Team7,2.5,2.86,0.36,0.46,0
Team31,Team21,2.62,1.76,0.75,0.38,2
Team26,Team2,2.33,0.91,0.51,0.46,2
Team38,Team32,2.27,1.42,0.63,0.36,2
Team17,Team8,2.12,2.31,0.43,0.83,0
Team2,Team6,1.57,0.96,0.87,0.75,2
Team7,Team15,2.76,1.35,0.53,0.84,2
Team27,Team30,0.84,1.42,0.73,0.4,1
Team6,Team2,2.24,1.36,0.72,0.83,2
Team9,Team3,0.65,3.0,0.75,0.82,0
Team16,Team49,1.9,1.07,0.79,0.48,2
Team9,Team45,0.95,2.34,0.41,0.37,0
Team25,Team39,2.27,0.63,0.34,0.78,2
Team2,Team15,1.11,2.04,0.57,0.68,0
Team42,Team48,0.7,2.44,0.6,0.64,0
Team46,Team27,2.69,1.24,0.31,0.48,2
Team39,Team1,2.04,0.62,0.83,0.79,2
Team45,Team10,1.35,0.68,0.65,0.73,2
Team27,Team22,1.22,2.41,0.62,0.38,0
Team23,Team49,1.49,0.95,0.8,0.31,2
Team31,Team10,0.53,0.74,0.48,0.33,1
Team23,Team39,0.72,2.25,0.33,0.34,0
Team7,Team30,2.74,2.1,0.76,0.38,2
Team6,Team46,0.52,1.03,0.67,0.53,0
Team13,Team31,0.58,3.0,0.67,0.64,0
Team20,Team35,1.18,2.81,0.51,0.7,0
Team17,Team49,1.24,2.31,0.44,0.3,0
Team48,Team49,0.93,0.76,0.44,0.53,1
Team20,Team13,0.61,2.93,0.73,0.49,0
Team36,Team8,2.07,0.87,0.41,0.82,2
Team10,Team26,2.56,1.26,0.89,0.35,2
Team26,Team21,1.62,1.62,0.57,0.46,1
Team30,Team46,2.77,1.78,0.52,0.58,2
Team8,Team49,2.71,1.02,0.85,0.79,2
Team16,Team7,2.7,1.2,0.36,0.37,2
Team24,Team29,2.04,2.51,0.84,0.67,1
Team17,Team47,0.97,0.75,0.52,0.6,1
Team24,Team48,1.37,0.95,0.69,0.58,2
Team39,Team38,1.57,2.89,0.43,0.61,0
Team18,Team49,2.95,1.86,0.87,0.41,2
Team14,Team1,1.22,0.9,0.63,0.62,2
Team18,Team17,2.06,0.97,0.58,0.73,2
Team17,Team43,1.73,2.92,0.8,0.47,0
Team26,Team29,1.66,2.95,0.4,0.51,0
Team34,Team23,2.91,0.89,0.44,0.44,2
Team33,Team11,2.09,2.44,0.32,0.66,0
Team19,Team37,1.36,1.37,0.58,0.5,1
Team5,Team24,1.54,1.63,0.8,0.36,2
Team1,Team4,1.34,1.27,0.86,0.45,2
Team33,Team43,1.19,1.77,0.77,0.83,0
Team20,Team8,1.96,1.12,0.7,0.73,2
Team26,Team34,1.6,2.61,0.59,0.49,0
Team1,Team12,0.89,1.02,0.71,0.51,1
Team42,Team18,0.89,1.13,0.39,0.87,0
Team16,Team6,1.34,0.54,0.39,0.55,2
Team24,Team28,1.52,1.39,0.77,0.61,1
Team40,Team6,2.35,1.49,0.46,0.53,2
Team21,Team10,1.1,1.5,0.31,0.76,0
Team34,Team40,2.13,2.43,0.79,0.6,1
Team39,Team8,2.25,1.12,0.84,0.36,2
Team1,Team35,2.65,2.22,0.86,0.73,2
Team39,Team21,1.2,1.68,0.85,0.53,1
Team32,Team36,2.51,1.57,0.44,0.9,2
Team40,Team19,2.61,2.22,0.48,0.85,1
Team10,Team3,2.5,2.8,0.66,0.78,0
Team35,Team24,0.98,2.17,0.36,0.6,0
Team2,Team22,1.54,2.58,0.89,0.49,0
Team37,Team23,1.78,2.89,0.59,0.72,0
Team24,Team27,1.43,2.76,0.85,0.86,0
Team6,Team22,1.5,2.68,0.52,0.66,0
Team49,Team14,0.64,1.53,0.65,0.54,0
Team19,Team20,1.79,2.21,0.69,0.55,1
Team36,Team2,2.87,0.67,0.6,0.5,2
Team23,Team13,0.56,1.28,0.79,0.63,0
Team26,Team27,1.21,1.25,0.53,0.8,0
Team49,Team35,1.6,1.48,0.81,0.56,2
Team3,Team41,1.81,0.79,0.54,0.42,2
Team7,Team12,2.78,1.76,0.88,0.86,2
Team46,Team10,1.75,0.85,0.43,0.69,2
Team40,Team13,1.7,0.54,0.74,0.34,2
Team25,Team11,2.48,0.83,0.61,0.77,2
Team8,Team47,0.91,1.34,0.63,0.65,0
Team16,Team37,0.85,2.37,0.58,0.77,0
Team6,Team20,2.01,2.22,0.31,0.49,0
Team8,Team39,0.58,2.63,0.71,0.46,0
Team42,Team14,1.27,0.59,0.86,0.51,2
Team4,Team2,1.73,2.42,0.43,0.46,0
Team10,Team1,0.67,2.1,0.86,0.3,0
Team9,Team13,2.14,2.33,0.51,0.79,0
Team32,Team6,2.39,1.17,0.59,0.79,2
Team34,Team19,1.83,1.79,0.45,0.32,1
Team36,Team17,2.76,0.6,0.56,0.33,2
Team50,Team20,2.15,2.12,0.32,0.3,1
Team9,Team21,1.79,0.54,0.46,0.61,2
Team38,Team1,2.84,1.32,0.38,0.44,2
Team9,Team31,2.93,1.67,0.48,0.56,2
Team35,Team7,2.06,2.97,0.62,0.37,0
Team14,Team19,1.13,2.44,0.87,0.72,0
Team12,Team26,1.65,1.41,0.51,0.68,1
Team10,Team22,2.2,1.0,0.6,0.77,2
Team18,Team45,1.5,1.41,0.31,0.45,1
Team28,Team1,2.01,2.79,0.33,0.39,0
Team16,Team42,2.32,2.53,0.82,0.89,1
Team42,Team12,2.47,2.54,0.35,0.67,0
Team50,Team28,2.11,2.93,0.33,0.64,0
Team47,Team15,1.7,0.7,0.64,0.5,2
Team6,Team38,2.62,1.8,0.86,0.78,2
Team39,Team42,2.11,1.34,0.32,0.47,2
Team43,Team28,1.01,2.28,0.65,0.4,0
Team13,Team24,0.65,1.43,0.73,0.63,0
Team17,Team41,1.91,1.41,0.86,0.33,2
Team16,Team13,2.73,2.51,0.41,0.48,1
Team12,Team15,2.98,2.5,0.75,0.78,2
Team13,Team30,2.2,2.58,0.32,0.31,0
Team47,Team14,0.87,1.9,0.85,0.53,0
Team16,Team21,1.43,0.55,0.38,0.75,2
Team30,Team35,1.16,2.87,0.52,0.84,0
Team48,Team32,1.86,0.55,0.61,0.68,2
Team27,Team36,1.95,2.12,0.71,0.77,1
Team36,Team45,1.92,2.95,0.84,0.87,0
Team23,Team15,2.47,2.05,0.35,0.79,1
Team14,Team18,1.0,0.7,0.8,0.35,2
Team20,Team15,1.57,0.84,0.85,0.58,2
Team47,Team30,2.18,1.47,0.45,0.4,2
Team20,Team11,2.35,2.39,0.7,0.44,1
Team45,Team18,1.93,1.71,0.63,0.6,1
Team28,Team46,2.0,0.94,0.48,0.5,2
Team10,Team44,2.58,2.83,0.75,0.81,0
Team34,Team36,1.47,1.48,0.67,0.37,1
Team24,Team20,2.16,1.6,0.87,0.66,2
Team35,Team32,1.7,2.19,0.49,0.35,0
Team35,Team30,2.87,1.71,0.84,0.8,2
Team14,Team25,2.27,1.59,0.45,0.71,2
Team32,Team37,0.95,2.79,0.75,0.86,0
Team46,Team9,2.85,1.42,0.33,0.76,2
Team22,Team4,1.99,1.72,0.32,0.67,1
Team38,Team21,2.92,2.01,0.75,0.86,2
Team8,Team35,0.59,2.26,0.47,0.65,0
Team22,Team33,0.51,2.96,0.83,0.84,0
Team33,Team26,1.36,2.73,0.47,0.64,0
Team8,Team39,2.8,0.85,0.43,0.63,2
Team8,Team44,2.05,1.08,0.3,0.75,2
Team4,Team17,2.71,2.25,0.58,0.61,2
Team36,Team34,1.35,0.97,0.79,0.85,2
Team5,Team26,2.32,0.8,0.67,0.72,2
Team45,Team13,1.11,2.69,0.75,0.84,0
Team19,Team46,2.52,2.09,0.48,0.89,1
Team39,Team36,2.08,1.95,0.46,0.85,1
Team16,Team26,1.37,2.3,0.76,0.55,0
Team6,Team15,2.05,0.66,0.36,0.69,2
Team39,Team32,1.43,2.62,0.8,0.53,0
Team10,Team18,1.26,1.17,0.62,0.66,1
Team8,Team14,1.52,1.03,0.59,0.5,2
Team23,Team42,2.19,2.08,0.58,0.63,1
Team30,Team23,0.56,2.06,0.45,0.7,0
Team6,Team33,2.9,0.53,0.89,0.71,2
Team22,Team44,0.68,2.55,0.6,0.81,0
Team38,Team42,2.2,2.98,0.44,0.67,0
Team36,Team42,0.6,0.54,0.37,0.69,1
Team31,Team24,1.27,1.22,0.85,0.82,1
Team13,Team30,0.68,2.74,0.83,0.81,0
Team4,Team22,2.72,1.1,0.47,0.33,2
Team8,Team29,1.54,1.07,0.44,0.84,1
Team35,Team29,2.04,1.69,0.53,0.85,1
Team49,Team15,1.36,1.75,0.57,0.61,0
Team9,Team10,1.69,1.56,0.82,0.63,2
Team7,Team12,2.07,2.32,0.71,0.58,1
Team44,Team17,1.44,2.1,0.6,0.81,0
Team36,Team31,1.56,0.97,0.31,0.61,1
Team50,Team8,0.71,1.65,0.75,0.89,0
Team27,Team19,1.11,2.29,0.66,0.43,0
Team42,Team49,0.9,1.01,0.77,0.4,1
Team24,Team21,1.76,2.63,0.71,0.84,0
Team30,Team13,2.94,2.25,0.6,0.4,2
Team29,Team15,2.2,2.31,0.88,0.46,2
Team22,Team30,1.68,2.18,0.66,0.55,0
Team20,Team22,1.33,2.65,0.58,0.78,0
Team45,Team44,2.43,1.33,0.8,0.46,2
Team44,Team42,1.04,1.69,0.49,0.46,0
Team31,Team9,0.9,2.47,0.89,0.31,0
Team50,Team21,1.13,0.6,0.54,0.86,1
Team2,Team31,1.75,2.68,0.35,0.71,0
Team7,Team17,2.17,2.86,0.79,0.33,1
Team37,Team42,0.63,1.4,0.79,0.67,0
Team19,Team5,2.3,1.74,0.32,0.65,1
Team49,Team42,2.01,2.5,0.65,0.9,0
Team17,Team27,2.57,0.77,0.36,0.56,2
Team23,Team31,2.17,0.65,0.69,0.83,2
Team12,Team2,2.55,2.46,0.63,0.39,2
Team38,Team7,2.35,2.52,0.47,0.52,1
Team2,Team15,0.51,0.62,0.3,0.69,0
Team44,Team12,1.24,2.78,0.42,0.53,0
Team40,Team44,1.57,1.89,0.35,0.77,0
Team13,Team50,1.13,1.56,0.77,0.88,0
Team26,Team27,2.53,1.25,0.63,0.47,2
Team13,Team25,1.33,0.59,0.39,0.85,1
Team14,Team6,2.45,1.22,0.54,0.74,2
Team41,Team30,1.64,2.57,0.89,0.82,0
Team14,Team27,0.52,1.73,0.62,0.42,0
Team20,Team14,2.55,1.59,0.34,0.77,2
Team26,Team41,0.75,2.08,0.83,0.83,0
Team39,Team35,2.67,0.51,0.53,0.79,2
Team14,Team37,2.0,2.02,0.52,0.84,0
Team41,Team15,0.83,1.98,0.68,0.33,0
Team4,Team27,2.49,0.62,0.81,0.69,2
Team22,Team42,1.37,0.55,0.8,0.39,2
Team21,Team45,2.73,2.72,0.63,0.69,1
Team8,Team45,0.63,2.36,0.6,0.69,0
Team24,Team33,1.22,2.92,0.67,0.54,0
Team49,Team34,1.49,2.54,0.64,0.33,0
Team40,Team48,2.66,1.91,0.87,0.34,2
Team4,Team25,0.98,1.88,0.53,0.39,0
Team36,Team27,1.84,1.19,0.59,0.75,2
Team41,Team38,1.37,2.37,0.81,0.53,0
Team4,Team37,2.72,3.0,0.7,0.89,0
Team22,Team14,2.33,1.47,0.56,0.39,2
Team16,Team39,2.06,1.36,0.39,0.46,2
Team7,Team28,2.03,2.86,0.33,0.3,0
Team12,Team24,1.21,2.7,0.5,0.47,0
Team46,Team13,0.86,1.95,0.4,0.55,0
Team37,Team14,0.55,0.54,0.61,0.72,1
Team47,Team40,1.4,2.5,0.61,0.64,0
Team47,Team46,2.51,0.83,0.73,0.56,2
Team17,Team29,1.75,2.9,0.74,0.75,0
Team7,Team30,1.54,0.71,0.66,0.36,2
Team8,Team43,2.54,1.83,0.38,0.32,2
Team49,Team20,2.0,2.28,0.48,0.61,0
Team34,Team46,1.66,2.0,0.77,0.43,1
Team41,Team23,0.66,2.42,0.73,0.83,0
Team16,Team26,1.89,1.32,0.57,0.69,2
Team1,Team6,2.05,1.86,0.74,0.72,1
Team40,Team15,2.2,2.68,0.56,0.55,0
Team18,Team36,1.96,0.68,0.84,0.32,2
Team21,Team39,2.63,1.5,0.48,0.78,2
Team21,Team17,0.51,2.9,0.66,0.79,0
Team12,Team11,0.67,0.93,0.49,0.49,1
Team21,Team24,1.74,1.03,0.53,0.63,2
Team19,Team24,1.96,2.37,0.61,0.36,1
Team34,Team33,1.27,2.93,0.37,0.87,0
Team31,Team39,1.8,2.99,0.61,0.63,0
Team13,Team23,1.98,2.08,0.81,0.48,1
Team8,Team37,2.76,2.75,0.89,0.84,1
Team48,Team6,2.56,1.52,0.89,0.58,2
Team17,Team46,1.69,0.9,0.49,0.43,2
Team47,Team39,1.7,1.91,0.66,0.68,1
Team9,Team6,0.54,1.34,0.41,0.71,0
Team36,Team8,0.98,1.02,0.7,0.85,1
