,date,temperature
0,2020-01-01,15.496714153011233
1,2020-01-02,15.038869260387163
2,2020-01-03,16.00190465432815
3,2020-01-04,17.054226528640562
4,2020-01-05,15.473870893299862
5,2020-01-06,15.650511030425285
6,2020-01-07,17.64022978998174
7,2020-01-08,17.004515178146438
8,2020-01-09,15.943313335197697
9,2020-01-10,17.130648250228777
10,2020-01-11,16.299513749002312
11,2020-01-12,16.471537344862185
12,2020-01-13,17.353007270252224
13,2020-01-14,15.370934885383857
14,2020-01-15,15.731809827546467
15,2020-01-16,17.066245421920897
16,2020-01-17,16.78675045500663
17,2020-01-18,18.284071661401363
18,2020-01-19,17.23118817104168
19,2020-01-20,16.895392915588353
20,2020-01-21,19.940877764862687
21,2020-01-22,18.41598492127718
22,2020-01-23,18.874773633594653
23,2020-01-24,17.546885876222614
24,2020-01-25,18.59049716753455
25,2020-01-26,19.407858615833035
26,2020-01-27,18.30676234808201
27,2020-01-28,19.992991435749783
28,2020-01-29,19.1748640191097
29,2020-01-30,19.64064465136461
30,2020-01-31,19.486048889370373
31,2020-02-01,22.09398762302998
32,2020-02-02,20.38065884891757
33,2020-02-03,19.487340786427097
34,2020-02-04,21.51689804377939
35,2020-02-05,19.621173912940154
36,2020-02-06,21.19686632954276
37,2020-02-07,19.17259674572786
38,2020-02-08,19.946582652252832
39,2020-02-09,21.6123287202778
40,2020-02-10,22.292789588897183
41,2020-02-11,21.862663891539782
42,2020-02-12,21.710697900034543
43,2020-02-13,21.658332492740165
44,2020-02-14,20.612005681869242
45,2020-02-15,21.499739062121765
46,2020-02-16,21.88592745185796
47,2020-02-17,23.52856260917804
48,2020-02-18,22.937788519208315
49,2020-02-19,20.95168072160282
50,2020-02-20,23.15714205418042
51,2020-02-21,22.56406598842306
52,2020-02-22,22.386036510401798
53,2020-02-23,23.786132856408642
54,2020-02-24,24.314610404242714
55,2020-02-25,24.321670709189807
56,2020-02-26,22.655548009801503
57,2020-02-27,23.287493887806864
58,2020-02-28,24.027447487748347
59,2020-02-29,24.76871604239764
60,2020-03-01,23.40846534491274
61,2020-03-02,23.79390457063215
62,2020-03-03,22.9625820774364
63,2020-03-04,22.959468475352967
64,2020-03-05,25.052339286989685
65,2020-03-06,25.677548725093256
66,2020-03-07,24.328128006446022
67,2020-03-08,25.479812779745362
68,2020-03-09,24.91134890221398
69,2020-03-10,23.97529708118684
70,2020-03-11,25.049767893737666
71,2020-03-12,26.291597145884925
72,2020-03-13,24.780137835161472
73,2020-03-14,26.44020881876554
74,2020-03-15,22.312603161829312
75,2020-03-16,25.808200343098232
76,2020-03-17,25.124446444786717
77,2020-03-18,24.786631868049206
78,2020-03-19,25.222765328259705
79,2020-03-20,23.185914500455677
80,2020-03-21,24.99339281487858
81,2020-03-22,25.60685073903267
82,2020-03-23,26.76138846868138
83,2020-03-24,24.796054732599885
84,2020-03-25,24.533728491286137
85,2020-03-26,24.865422025354984
86,2020-03-27,26.304592079173865
87,2020-03-28,25.73700084074124
88,2020-03-29,24.8945940077886
89,2020-03-30,25.95076754551019
90,2020-03-31,25.544762569146947
91,2020-04-01,26.42355238789479
92,2020-04-02,24.757113492670026
93,2020-04-03,25.132800660275805
94,2020-04-04,25.066689002718178
95,2020-04-05,23.990656660521804
96,2020-04-06,25.74270929460628
97,2020-04-07,25.697108383186865
98,2020-04-08,25.427681949316604
99,2020-04-09,25.171553506559402
100,2020-04-10,23.971405160272994
101,2020-04-11,24.943836176872946
102,2020-04-12,24.996551003273055
103,2020-04-13,24.50885964723328
104,2020-04-14,25.118819794657675
105,2020-04-15,25.650232823105153
106,2020-04-16,27.095563731451172
107,2020-04-17,25.34428329847333
108,2020-04-18,25.384728560595725
109,2020-04-19,25.007364050538293
110,2020-04-20,23.114844584822674
111,2020-04-21,24.95609755845499
112,2020-04-22,24.98904367289534
113,2020-04-23,27.33548142286508
114,2020-04-24,24.62054625714981
115,2020-04-25,25.05238360292755
116,2020-04-26,24.651334531236916
117,2020-04-27,23.449879985627316
118,2020-04-28,25.69121572186411
119,2020-04-29,25.227506258981705
120,2020-04-30,25.191153986778403
121,2020-05-01,23.412675732298478
122,2020-05-02,25.644215591435213
123,2020-05-03,22.756370634705984
124,2020-05-04,24.659347667330902
125,2020-05-05,26.174710419996348
126,2020-05-06,22.903005662108406
127,2020-05-07,23.234082784856387
128,2020-05-08,23.80445082829709
129,2020-05-09,23.10335298370996
130,2020-05-10,21.955835119721012
131,2020-05-11,23.472403388476437
132,2020-05-12,22.236582414179324
133,2020-05-13,23.665260705955266
134,2020-05-14,22.162795874252158
135,2020-05-15,24.520509945882413
136,2020-05-16,22.073515844423383
137,2020-05-17,22.418774584866103
138,2020-05-18,23.436329486239444
139,2020-05-19,21.271869778336207
140,2020-05-20,22.608098576739465
141,2020-05-21,23.56370632637328
142,2020-05-22,20.523063897804413
143,2020-05-23,22.18726200449065
144,2020-05-24,22.1327287938817
145,2020-05-25,22.52306350402654
146,2020-05-26,20.370901812046654
147,2020-05-27,20.15226606595897
148,2020-05-28,21.857834189718663
149,2020-05-29,21.494389058639698
150,2020-05-30,21.307793331965208
151,2020-05-31,21.262072119655503
152,2020-06-01,20.092393412879268
153,2020-06-02,20.859980768247905
154,2020-06-03,20.77466755003732
155,2020-06-04,19.619715517058218
156,2020-06-05,22.05096235464971
157,2020-06-06,20.50883632060733
158,2020-06-07,18.692256090953563
159,2020-06-08,20.387456375198497
160,2020-06-09,18.602397981812327
161,2020-06-10,20.209221911040128
162,2020-06-11,20.42471870571474
163,2020-06-12,18.288402503893593
164,2020-06-13,19.91444653860259
165,2020-06-14,19.204909119671406
166,2020-06-15,19.45436691198665
167,2020-06-16,20.36844790993402
168,2020-06-17,18.064833688806484
169,2020-06-18,17.39432053794863
170,2020-06-19,17.09569472477244
171,2020-06-20,17.00591861297033
172,2020-06-21,17.580564147841518
173,2020-06-22,17.834222104201814
174,2020-06-23,17.60468276852877
175,2020-06-24,17.989665023561837
176,2020-06-25,17.009591963094856
177,2020-06-26,18.28390157532931
178,2020-06-27,16.39920795909667
179,2020-06-28,19.217301940247552
180,2020-06-29,16.955889677810312
181,2020-06-30,15.306026845855047
182,2020-07-01,14.925177470825775
183,2020-07-02,16.311402446356308
184,2020-07-03,15.438352812402826
185,2020-07-04,16.208778164046787
186,2020-07-05,15.801104850915616
187,2020-07-06,15.088306295008497
188,2020-07-07,14.147838783759601
189,2020-07-08,13.313562704097192
190,2020-07-09,14.216003273407171
191,2020-07-10,15.353406825124729
192,2020-07-11,14.54602361474504
193,2020-07-12,12.92159536403239
194,2020-07-13,14.17645202791542
195,2020-07-14,14.225108225330878
196,2020-07-15,12.793085861492749
197,2020-07-16,13.668503301136175
198,2020-07-17,13.411553791165927
199,2020-07-18,12.049722950177216
200,2020-07-19,13.390659167613382
201,2020-07-20,13.434714117009968
202,2020-07-21,13.798966420929974
203,2020-07-22,13.612678925327572
204,2020-07-23,11.025193324745233
205,2020-07-24,11.310095308045232
206,2020-07-25,12.609132500643994
207,2020-07-26,12.455226362755997
208,2020-07-27,12.305044286610507
209,2020-07-28,15.49254364714977
210,2020-07-29,12.061823575608576
211,2020-07-30,12.478970563441958
212,2020-07-31,12.151274692406302
213,2020-08-01,11.703973116848042
214,2020-08-02,10.594106845201129
215,2020-08-03,11.526668738873934
216,2020-08-04,9.854770400055923
217,2020-08-05,10.25228876915823
218,2020-08-06,9.866913773127651
219,2020-08-07,10.299021616461589
220,2020-08-08,12.39841793442428
221,2020-08-09,8.084888807774973
222,2020-08-10,10.508632044416169
223,2020-08-11,8.081736996444713
224,2020-08-12,9.096504562119716
225,2020-08-13,10.533311954832035
226,2020-08-14,9.386545924325304
227,2020-08-15,8.124442953200923
228,2020-08-16,8.368860189668258
229,2020-08-17,9.64782861217506
230,2020-08-18,8.124057827417987
231,2020-08-19,8.959238481096017
232,2020-08-20,8.67890356458373
233,2020-08-21,7.874513524488754
234,2020-08-22,10.56510367565492
235,2020-08-23,8.952420471530868
236,2020-08-24,6.19302877551624
237,2020-08-25,8.306654851559982
238,2020-08-26,7.362833020772454
239,2020-08-27,8.78389134755713
240,2020-08-28,7.048224467380935
241,2020-08-29,7.637772985002467
242,2020-08-30,8.17176558148219
243,2020-08-31,8.449333913671007
244,2020-09-01,6.302640405851006
245,2020-09-02,7.090376724423695
246,2020-09-03,6.874481462544114
247,2020-09-04,6.6232778600772
248,2020-09-05,8.971896217034255
249,2020-09-06,7.5439354100187925
250,2020-09-07,5.81327978507102
251,2020-09-08,7.929954725123841
252,2020-09-09,9.074916886632838
253,2020-09-10,7.928651797596833
254,2020-09-11,5.323018600141781
255,2020-09-12,6.307150127012032
256,2020-09-13,8.010101182882169
257,2020-09-14,5.990152364508256
258,2020-09-15,7.099113942504742
259,2020-09-16,7.390256223188695
260,2020-09-17,5.651887562131305
261,2020-09-18,6.485369137614517
262,2020-09-19,3.2725957434760278
263,2020-09-20,5.461346838865888
264,2020-09-21,6.207950348968537
265,2020-09-22,5.190440915711747
266,2020-09-23,8.051270663997089
267,2020-09-24,4.972290129365224
268,2020-09-25,5.948902402296042
269,2020-09-26,6.5091515597443905
270,2020-09-27,7.812101680412194
271,2020-09-28,4.930340692970226
272,2020-09-29,7.527700945281388
273,2020-09-30,6.376066474472209
274,2020-10-01,5.388583951590148
275,2020-10-02,6.839418454464362
276,2020-10-03,6.586559583176635
277,2020-10-04,5.800428911285563
278,2020-10-05,6.486552353908464
279,2020-10-06,6.050496441666448
280,2020-10-07,6.571338276311728
281,2020-10-08,7.144908580341723
282,2020-10-09,8.096691865271822
283,2020-10-10,5.303690077233288
284,2020-10-11,8.708295207135343
285,2020-10-12,4.659847497761404
286,2020-10-13,6.49973148990785
287,2020-10-14,7.282312654760371
288,2020-10-15,7.020352649219962
289,2020-10-16,6.164901103630856
290,2020-10-17,6.630579910919717
291,2020-10-18,6.399650799422108
292,2020-10-19,6.3600700801042525
293,2020-10-20,7.8586382227495974
294,2020-10-21,7.428454906546094
295,2020-10-22,6.443718116510094
296,2020-10-23,8.104183039641287
297,2020-10-24,7.582586643710263
298,2020-10-25,8.161582236985625
299,2020-10-26,8.054490713897252
300,2020-10-27,6.6746962925554945
301,2020-10-28,7.025005495207544
302,2020-10-29,8.416618505689625
303,2020-10-30,8.366453213991033
304,2020-10-31,7.82453485873988
305,2020-11-01,8.054687800550752
306,2020-11-02,9.309493980513146
307,2020-11-03,7.537244554819387
308,2020-11-04,8.77539111751196
309,2020-11-05,8.12804181454196
310,2020-11-06,8.21692820669917
311,2020-11-07,9.640165970240421
312,2020-11-08,9.475959781420256
313,2020-11-09,9.575551125292877
314,2020-11-10,10.181330538314949
315,2020-11-11,9.012945756847133
316,2020-11-12,9.792232094329412
317,2020-11-13,8.920563013766685
318,2020-11-14,9.677725969529318
319,2020-11-15,9.348290722814566
320,2020-11-16,9.702412694476246
321,2020-11-17,10.32962935320024
322,2020-11-18,9.04734312843707
323,2020-11-19,12.091041093262671
324,2020-11-20,9.127687008150481
325,2020-11-21,9.056488378310492
326,2020-11-22,11.567643389091389
327,2020-11-23,11.341893992811672
328,2020-11-24,11.316852947444517
329,2020-11-25,11.465342774726267
330,2020-11-26,10.970735664241902
331,2020-11-27,10.233392496837965
332,2020-11-28,11.355752842810734
333,2020-11-29,10.753682214832386
334,2020-11-30,12.558410294896708
335,2020-12-01,11.590187116898088
336,2020-12-02,11.067164402049606
337,2020-12-03,11.728111449318495
338,2020-12-04,12.620638036871517
339,2020-12-05,11.803519521691708
340,2020-12-06,11.705843578310398
341,2020-12-07,12.933807319432175
342,2020-12-08,13.098332508672648
343,2020-12-09,12.510811395722136
344,2020-12-10,12.712200472617955
345,2020-12-11,13.5818209414165
346,2020-12-12,12.069219041579025
347,2020-12-13,12.27832397906055
348,2020-12-14,13.136731449941466
349,2020-12-15,13.811971272947101
350,2020-12-16,14.507374614436124
351,2020-12-17,15.843628556890053
352,2020-12-18,15.398444493160351
353,2020-12-19,14.554016471350382
354,2020-12-20,14.86871669366487
355,2020-12-21,14.059539193547414
356,2020-12-22,15.2183986573648
357,2020-12-23,15.123553639947211
358,2020-12-24,15.91063811134456
359,2020-12-25,14.936752081973323
360,2020-12-26,16.459698526866706
361,2020-12-27,17.649714644979372
362,2020-12-28,16.1850431793106
363,2020-12-29,16.872495605871485
364,2020-12-30,17.33801043015276
365,2020-12-31,16.42377952811417
366,2021-01-01,17.226226043368754
367,2021-01-02,17.191808517009257
368,2021-01-03,17.45387277078136
369,2021-01-04,16.760014484167733
370,2021-01-05,17.734158161633406
371,2021-01-06,18.3840152657198
372,2021-01-07,19.513224056788566
373,2021-01-08,19.19705854721785
374,2021-01-09,20.56627066415437
375,2021-01-10,17.820583878926726
376,2021-01-11,19.63458773515312
377,2021-01-12,19.119387004424542
378,2021-01-13,21.299018063259325
379,2021-01-14,18.473429374704345
380,2021-01-15,18.61381110898109
381,2021-01-16,19.025188929897023
382,2021-01-17,17.67092860449628
383,2021-01-18,19.438457224882118
384,2021-01-19,19.373563955369942
385,2021-01-20,20.450622782417348
386,2021-01-21,20.808517197540873
387,2021-01-22,22.508416268122623
388,2021-01-23,21.74705790062212
389,2021-01-24,20.38297623639733
390,2021-01-25,20.223521354774807
391,2021-01-26,21.774675097010817
392,2021-01-27,20.12206021038346
393,2021-01-28,23.43196147488286
394,2021-01-29,22.936778521879166
395,2021-01-30,21.443579849495066
396,2021-01-31,20.35357490943017
397,2021-02-01,23.57302844782091
398,2021-02-02,22.255511870130377
399,2021-02-03,23.75716944364965
400,2021-02-04,21.072589904116807
401,2021-02-05,22.213627711584227
402,2021-02-06,22.96251056932582
403,2021-02-07,23.146749294916
404,2021-02-08,22.79040201292943
405,2021-02-09,24.002172941249263
406,2021-02-10,22.44867518096722
407,2021-02-11,23.50896669740149
408,2021-02-12,23.90473182004135
409,2021-02-13,24.42996650629542
410,2021-02-14,24.75619814860536
411,2021-02-15,23.046924130979875
412,2021-02-16,22.762326212223496
413,2021-02-17,25.696847051538366
414,2021-02-18,24.872034888945137
415,2021-02-19,23.909571548229067
416,2021-02-20,26.325300244361898
417,2021-02-21,25.003633145000613
418,2021-02-22,26.178753751631604
419,2021-02-23,25.176129363156868
420,2021-02-24,27.2761385149556
421,2021-02-25,27.075106375467342
422,2021-02-26,25.172742115179005
423,2021-02-27,26.492755007299134
424,2021-02-28,26.26354686486043
425,2021-03-01,27.08127114029038
426,2021-03-02,24.83964008671586
427,2021-03-03,26.57996851144087
428,2021-03-04,27.039099586283225
429,2021-03-05,24.30607397817237
430,2021-03-06,24.96305018385666
431,2021-03-07,24.185905950266257
432,2021-03-08,26.03187304740878
433,2021-03-09,27.092255132962308
434,2021-03-10,27.947773887887994
435,2021-03-11,26.587467068649026
436,2021-03-12,28.207176124990244
437,2021-03-13,25.260862416056533
438,2021-03-14,24.99718272359638
439,2021-03-15,26.70180056702244
440,2021-03-16,27.195363287662314
441,2021-03-17,26.82970462845445
442,2021-03-18,24.843197118475196
443,2021-03-19,26.866884512211413
444,2021-03-20,25.694013914551714
445,2021-03-21,27.70773725154613
446,2021-03-22,27.441336413617773
447,2021-03-23,26.168614637612503
448,2021-03-24,26.625458033536837
449,2021-03-25,26.10800857229037
450,2021-03-26,27.129499971666345
451,2021-03-27,28.169332281973027
452,2021-03-28,26.247523684746014
453,2021-03-29,27.753400727073487
454,2021-03-30,26.73224249402439
455,2021-03-31,26.479812187536563
456,2021-04-01,27.172877037407346
457,2021-04-02,26.248924264128004
458,2021-04-03,26.731813501526393
459,2021-04-04,26.085919263261488
460,2021-04-05,29.24389674157031
461,2021-04-06,27.306852569513428
462,2021-04-07,26.56132760301439
463,2021-04-08,27.461548403408365
464,2021-04-09,27.118812590243717
465,2021-04-10,26.990806302790183
466,2021-04-11,27.80364819968173
467,2021-04-12,27.921773229847133
468,2021-04-13,26.605635768844373
469,2021-04-14,26.529287265679002
470,2021-04-15,26.796130269138974
471,2021-04-16,24.732456665505058
472,2021-04-17,25.479514423442936
473,2021-04-18,28.31905243731749
474,2021-04-19,28.551777679805742
475,2021-04-20,26.60957976056534
476,2021-04-21,27.384168396959975
477,2021-04-22,27.065063617497852
478,2021-04-23,29.776120118835035
479,2021-04-24,27.75748213336551
480,2021-04-25,26.447918669113175
481,2021-04-26,25.555505860341736
482,2021-04-27,24.83711170298927
483,2021-04-28,26.576856543216316
484,2021-04-29,25.544222481010625
485,2021-04-30,24.802868330137684
486,2021-05-01,25.50049030285069
487,2021-05-02,24.984873276884716
488,2021-05-03,27.670363332570837
489,2021-05-04,26.77913033048009
490,2021-05-05,25.801282152869753
491,2021-05-06,27.198486126129126
492,2021-05-07,25.702748822106784
493,2021-05-08,24.668515261881183
494,2021-05-09,26.954952715095814
495,2021-05-10,25.870408594471808
496,2021-05-11,24.191594259343958
497,2021-05-12,24.933547449821816
498,2021-05-13,24.141050021935328
499,2021-05-14,23.52442037752163
500,2021-05-15,25.721753088396525
501,2021-05-16,26.591185777229754
502,2021-05-17,23.167268527252634
503,2021-05-18,25.010781505560345
504,2021-05-19,23.677091525648333
505,2021-05-20,23.718513258370642
506,2021-05-21,23.48916964785198
507,2021-05-22,23.091556362685818
508,2021-05-23,23.876149773903173
509,2021-05-24,22.86689588322225
510,2021-05-25,23.83669745802906
511,2021-05-26,23.382614413475597
512,2021-05-27,23.058774632176846
513,2021-05-28,22.25332896206017
514,2021-05-29,22.445633054838176
515,2021-05-30,23.637691707445097
516,2021-05-31,23.24154109778292
517,2021-06-01,21.619862889659203
518,2021-06-02,22.55205937651613
519,2021-06-03,23.05798220011042
520,2021-06-04,20.489661653963232
521,2021-06-05,22.55354803588489
522,2021-06-06,21.1973796407497
523,2021-06-07,22.279158256749373
524,2021-06-08,20.792643610022154
525,2021-06-09,19.59719755137514
526,2021-06-10,19.619594869414506
527,2021-06-11,21.139208073368717
528,2021-06-12,21.193807323966787
529,2021-06-13,19.87175378425387
530,2021-06-14,21.255720651512274
531,2021-06-15,18.795786689723208
532,2021-06-16,20.230575128632765
533,2021-06-17,18.92420560504691
534,2021-06-18,19.321220594503966
535,2021-06-19,19.857607825714368
536,2021-06-20,18.786315532651823
537,2021-06-21,19.098110313025796
538,2021-06-22,20.324362938599613
539,2021-06-23,18.576100099675593
540,2021-06-24,19.82317388659095
541,2021-06-25,17.691883216559326
542,2021-06-26,19.185171676087283
543,2021-06-27,19.930433412992528
544,2021-06-28,15.850488273530644
545,2021-06-29,17.358327074574834
546,2021-06-30,18.56525652945186
547,2021-07-01,17.61802458284389
548,2021-07-02,18.025075904484428
549,2021-07-03,16.88283041101286
550,2021-07-04,17.406367457427596
551,2021-07-05,16.997189990949995
552,2021-07-06,18.153917269325188
553,2021-07-07,17.074053345129233
554,2021-07-08,16.99101259085826
555,2021-07-09,16.075641259351716
556,2021-07-10,15.834401806728756
557,2021-07-11,15.72437168279521
558,2021-07-12,16.38678628512268
559,2021-07-13,15.40728662124397
560,2021-07-14,15.954565702498453
561,2021-07-15,17.57734409633932
562,2021-07-16,16.210902898622347
563,2021-07-17,14.852321540552085
564,2021-07-18,16.218907170171786
565,2021-07-19,14.449796434243554
566,2021-07-20,12.660805055463877
567,2021-07-21,13.532828866837297
568,2021-07-22,12.51308495226682
569,2021-07-23,13.876349208661027
570,2021-07-24,14.091338727149902
571,2021-07-25,15.59553454571062
572,2021-07-26,14.09336778560794
573,2021-07-27,13.39589607149561
574,2021-07-28,14.294217737678542
575,2021-07-29,11.104797755907535
576,2021-07-30,13.404019481369925
577,2021-07-31,13.793138122800068
578,2021-08-01,11.39899561976241
579,2021-08-02,13.878130133048398
580,2021-08-03,12.931195925875082
581,2021-08-04,12.037307700692693
582,2021-08-05,12.946889242004527
583,2021-08-06,14.447970178761146
584,2021-08-07,12.224013732133766
585,2021-08-08,12.156979954051119
586,2021-08-09,11.317793100826492
587,2021-08-10,10.797527484576865
588,2021-08-11,12.3497886841786
589,2021-08-12,10.537352602000292
590,2021-08-13,11.340927595084061
591,2021-08-14,10.669608458464726
592,2021-08-15,11.506167556876614
593,2021-08-16,11.242826004215168
594,2021-08-17,11.830770807498283
595,2021-08-18,10.169408060280386
596,2021-08-19,10.29790495622067
597,2021-08-20,9.479568008897612
598,2021-08-21,9.906820612018468
599,2021-08-22,10.623460079374443
600,2021-08-23,10.900490065858207
601,2021-08-24,9.121006037996223
602,2021-08-25,10.814806456896221
603,2021-08-26,11.20525734434579
604,2021-08-27,10.169892915984608
605,2021-08-28,11.542541018371704
606,2021-08-29,8.803720227365803
607,2021-08-30,8.247123599190315
608,2021-08-31,7.629858470596613
609,2021-09-01,10.823981124395962
610,2021-09-02,9.904243616618704
611,2021-09-03,9.118842102794614
612,2021-09-04,9.381575718970732
613,2021-09-05,7.905952929454777
614,2021-09-06,11.409705678674666
615,2021-09-07,9.028384921381294
616,2021-09-08,8.94648757267396
617,2021-09-09,9.503527313518902
618,2021-09-10,9.202195768782401
619,2021-09-11,8.891272590374925
620,2021-09-12,7.825909744432972
621,2021-09-13,9.039658390831542
622,2021-09-14,10.404846326602073
623,2021-09-15,9.82571456051349
624,2021-09-16,10.033808796398755
625,2021-09-17,7.892602357278204
626,2021-09-18,7.380289673417739
627,2021-09-19,8.213076163445452
628,2021-09-20,8.366459392488874
629,2021-09-21,9.379710018832643
630,2021-09-22,6.570759467961778
631,2021-09-23,9.773409679526067
632,2021-09-24,8.069423608746868
633,2021-09-25,7.787065819045605
634,2021-09-26,7.191306607198132
635,2021-09-27,6.540971719480311
636,2021-09-28,9.014373428111577
637,2021-09-29,8.262855160314832
638,2021-09-30,6.900872513711567
639,2021-10-01,6.9000138305744825
640,2021-10-02,7.866530280910963
641,2021-10-03,9.881521412892559
642,2021-10-04,7.966054437080752
643,2021-10-05,6.738607315800339
644,2021-10-06,8.015066974442265
645,2021-10-07,8.01009736131281
646,2021-10-08,5.610891262879104
647,2021-10-09,8.281380182608656
648,2021-10-10,8.135571045851457
649,2021-10-11,9.096468197292497
650,2021-10-12,10.285891392229251
651,2021-10-13,9.603081614491186
652,2021-10-14,8.250106757720962
653,2021-10-15,7.457834872743259
654,2021-10-16,11.18596042670131
655,2021-10-17,8.722920595291477
656,2021-10-18,8.731581025993885
657,2021-10-19,8.75030974993846
658,2021-10-20,9.032120886496426
659,2021-10-21,8.752079008657098
660,2021-10-22,8.387965704890506
661,2021-10-23,8.482724222967644
662,2021-10-24,9.067533852617652
663,2021-10-25,8.630295347012888
664,2021-10-26,8.537016089296483
665,2021-10-27,9.435121531169466
666,2021-10-28,9.15520931798366
667,2021-10-29,10.998317889149043
668,2021-10-30,6.930113140164562
669,2021-10-31,10.761943304626495
670,2021-11-01,11.008445609739598
671,2021-11-02,7.783438852316568
672,2021-11-03,9.611128349574871
673,2021-11-04,9.681852870346127
674,2021-11-05,8.747722772258035
675,2021-11-06,9.481792722335518
676,2021-11-07,9.255813272787407
677,2021-11-08,12.227813875855848
678,2021-11-09,11.522719882439699
679,2021-11-10,11.972406826154783
680,2021-11-11,11.538613979257606
681,2021-11-12,9.806227351817212
682,2021-11-13,10.53130950408036
683,2021-11-14,11.667934178268792
684,2021-11-15,10.081305968290303
685,2021-11-16,12.143415159655909
686,2021-11-17,11.319146929605195
687,2021-11-18,11.315743004120945
688,2021-11-19,12.5346137857807
689,2021-11-20,12.402967701136212
690,2021-11-21,11.734710825279143
691,2021-11-22,13.393862318955566
692,2021-11-23,11.29416797124883
693,2021-11-24,13.133668737336615
694,2021-11-25,13.25509852343037
695,2021-11-26,12.498435997774822
696,2021-11-27,13.281779890565907
697,2021-11-28,11.85383470823171
698,2021-11-29,14.179870945551404
699,2021-11-30,13.223388425035953
700,2021-12-01,13.039521477881168
701,2021-12-02,14.766670824679009
702,2021-12-03,13.170153600428735
703,2021-12-04,12.624245286232332
704,2021-12-05,12.635614900971762
705,2021-12-06,14.959073925222475
706,2021-12-07,13.234690755443987
707,2021-12-08,16.433160119548287
708,2021-12-09,12.760825163209551
709,2021-12-10,16.704695146526323
710,2021-12-11,15.385788471261481
711,2021-12-12,15.245590271205952
712,2021-12-13,14.965868666628163
713,2021-12-14,16.07931178554598
714,2021-12-15,15.812783722234089
715,2021-12-16,17.124768930854653
716,2021-12-17,16.30749998860254
717,2021-12-18,16.51608663142022
718,2021-12-19,16.17534278909994
719,2021-12-20,16.655787277846493
720,2021-12-21,17.19487032707728
721,2021-12-22,15.351743400700554
722,2021-12-23,15.889026856761623
723,2021-12-24,18.156183645029184
724,2021-12-25,17.759848463653583
725,2021-12-26,17.58136867627284
726,2021-12-27,17.960409665042192
727,2021-12-28,18.466385033129125
728,2021-12-29,17.756024203463166
729,2021-12-30,17.694561713039324
730,2021-12-31,18.845845255097693
731,2022-01-01,17.848760783943305
732,2022-01-02,19.41246887194191
733,2022-01-03,17.478613067994676
734,2022-01-04,20.38717990534885
735,2022-01-05,20.007245469787513
736,2022-01-06,19.967046708788207
737,2022-01-07,20.86977143293905
738,2022-01-08,21.728262165595233
739,2022-01-09,21.25245827166094
740,2022-01-10,18.572057210483123
741,2022-01-11,19.30769013169675
742,2022-01-12,20.136226420990518
743,2022-01-13,20.960306180252484
744,2022-01-14,21.624386680528612
745,2022-01-15,20.55278913800841
746,2022-01-16,21.63634833981813
747,2022-01-17,20.86444139645276
748,2022-01-18,21.17769444357095
749,2022-01-19,20.551035520075423
750,2022-01-20,21.201995749830225
751,2022-01-21,20.94007661614737
752,2022-01-22,21.4813721759294
753,2022-01-23,23.675275859043907
754,2022-01-24,21.83548100322778
755,2022-01-25,25.579318090960545
756,2022-01-26,23.6010738263852
757,2022-01-27,23.452129541098977
758,2022-01-28,22.567144928847284
759,2022-01-29,24.282648280566875
760,2022-01-30,23.162117675361994
761,2022-01-31,24.013719253166396
762,2022-02-01,26.604240611924283
763,2022-02-02,24.098991815658344
764,2022-02-03,25.493626457961867
765,2022-02-04,23.788841137785276
766,2022-02-05,24.60301424404103
767,2022-02-06,26.553067505243153
768,2022-02-07,24.297801643363485
769,2022-02-08,26.877916042405587
770,2022-02-09,25.91207494435726
771,2022-02-10,24.778828834455553
772,2022-02-11,26.108753921478304
773,2022-02-12,26.58199063795617
774,2022-02-13,26.362337634453873
775,2022-02-14,24.299358550626014
776,2022-02-15,25.269429046992876
777,2022-02-16,25.873921747407614
778,2022-02-17,26.169736800539813
779,2022-02-18,26.98539297451623
780,2022-02-19,26.660759085718873
781,2022-02-20,25.263803910129283
782,2022-02-21,27.093156361713717
783,2022-02-22,27.435042312851593
784,2022-02-23,27.4934013296778
785,2022-02-24,28.12117131562823
786,2022-02-25,27.978687687573046
787,2022-02-26,27.705886342886508
788,2022-02-27,27.27601834488613
789,2022-02-28,25.782209981759287
790,2022-03-01,27.96725780189061
791,2022-03-02,27.83725123445907
792,2022-03-03,27.990495888637806
793,2022-03-04,26.528926523613322
794,2022-03-05,26.808756924187218
795,2022-03-06,29.02446154985533
796,2022-03-07,28.010582974169704
797,2022-03-08,28.80778057922596
798,2022-03-09,28.228031253296802
799,2022-03-10,28.300172975287705
800,2022-03-11,29.27665609420525
801,2022-03-12,27.887515851201577
802,2022-03-13,28.5620846512124
803,2022-03-14,28.063289874246497
804,2022-03-15,28.147852038486743
805,2022-03-16,28.327125715254365
806,2022-03-17,28.909533148182256
807,2022-03-18,28.256890596851594
808,2022-03-19,30.036760677297725
809,2022-03-20,27.928876112837067
810,2022-03-21,28.67619305855473
811,2022-03-22,28.460007109246746
812,2022-03-23,30.380472308293594
813,2022-03-24,29.160879727385105
814,2022-03-25,30.024066633647962
815,2022-03-26,27.531618695902548
816,2022-03-27,29.30624022734105
817,2022-03-28,29.947880526704992
818,2022-03-29,29.156638200831065
819,2022-03-30,30.152980487462184
820,2022-03-31,28.580396569698536
821,2022-04-01,30.514254837547483
822,2022-04-02,31.408064710166627
823,2022-04-03,28.74762424643391
824,2022-04-04,28.663294634449564
825,2022-04-05,30.557556085771623
826,2022-04-06,30.67616116327241
827,2022-04-07,28.563193083853708
828,2022-04-08,28.652381675578287
829,2022-04-09,28.77435603107404
830,2022-04-10,27.692325391289128
831,2022-04-11,28.09582955315411
832,2022-04-12,27.985124753047753
833,2022-04-13,28.193339351350772
834,2022-04-14,28.895420618936903
835,2022-04-15,29.130396698827138
836,2022-04-16,30.409878323054716
837,2022-04-17,27.821351444902703
838,2022-04-18,29.761500568349554
839,2022-04-19,28.517821122078953
840,2022-04-20,28.63415209046928
841,2022-04-21,29.307430926070808
842,2022-04-22,27.456091441392022
843,2022-04-23,28.904649056563844
844,2022-04-24,28.629359430143985
845,2022-04-25,28.893287524602083
846,2022-04-26,28.62521494484999
847,2022-04-27,30.723858163157733
848,2022-04-28,27.560652923097773
849,2022-04-29,27.594576271293118
850,2022-04-30,27.426981513310597
851,2022-05-01,27.41658606793296
852,2022-05-02,27.2540341531926
853,2022-05-03,28.997238228605827
854,2022-05-04,29.14299482152048
855,2022-05-05,27.063508500436892
856,2022-05-06,26.711186414134872
857,2022-05-07,27.92179607084557
858,2022-05-08,26.802576418928474
859,2022-05-09,27.889760455581673
860,2022-05-10,27.35942157163845
861,2022-05-11,25.53809629867318
862,2022-05-12,28.496391329235493
863,2022-05-13,28.63754594841561
864,2022-05-14,26.11943141800158
865,2022-05-15,26.23287398092889
866,2022-05-16,26.792634527484527
867,2022-05-17,26.725292891058814
868,2022-05-18,26.93135654154262
869,2022-05-19,28.162938633536513
870,2022-05-20,25.853691414641293
871,2022-05-21,25.10826632755241
872,2022-05-22,24.401227904351124
873,2022-05-23,24.921698106016418
874,2022-05-24,25.489719026759488
875,2022-05-25,27.185798495767028
876,2022-05-26,24.740241223888546
877,2022-05-27,25.34651063068214
878,2022-05-28,24.96946972802903
879,2022-05-29,26.035797658854612
880,2022-05-30,27.23423290749295
881,2022-05-31,24.034755137238204
882,2022-06-01,23.932978691939535
883,2022-06-02,25.321887948155993
884,2022-06-03,24.813486566364947
885,2022-06-04,25.830774260820622
886,2022-06-05,24.419116028830917
887,2022-06-06,23.325711308908474
888,2022-06-07,24.124214418848524
889,2022-06-08,24.489606347147582
890,2022-06-09,24.04756183323702
891,2022-06-10,23.57941133840497
892,2022-06-11,23.98279781629649
893,2022-06-12,23.928380412690984
894,2022-06-13,23.983229400395807
895,2022-06-14,23.09083808032455
896,2022-06-15,22.115188671675316
897,2022-06-16,22.268368613713406
898,2022-06-17,23.166730771317713
899,2022-06-18,20.981121031318892
900,2022-06-19,22.00388246327087
901,2022-06-20,21.078390085608415
902,2022-06-21,21.33641068019044
903,2022-06-22,22.421521991992474
904,2022-06-23,21.16909103721866
905,2022-06-24,20.858918322681976
906,2022-06-25,19.286733930237034
907,2022-06-26,21.226621064199225
908,2022-06-27,20.959348973475723
909,2022-06-28,22.310387496963376
910,2022-06-29,19.672444095092313
911,2022-06-30,20.032334729935286
912,2022-07-01,19.89545365259766
913,2022-07-02,21.056383310876583
914,2022-07-03,19.216520065341715
915,2022-07-04,19.423799195725053
916,2022-07-05,19.585763736058635
917,2022-07-06,18.99774433082172
918,2022-07-07,18.198198887277478
919,2022-07-08,18.672499921681368
920,2022-07-09,19.386149975333957
921,2022-07-10,17.120492731390193
922,2022-07-11,18.11489954476171
923,2022-07-12,17.117213327805214
924,2022-07-13,18.848317730989077
925,2022-07-14,15.966603940818267
926,2022-07-15,16.768021450422296
927,2022-07-16,17.541990070255178
928,2022-07-17,18.568869101954267
929,2022-07-18,16.776942986934856
930,2022-07-19,16.12767228057191
931,2022-07-20,18.405086660082308
932,2022-07-21,14.917901277338443
933,2022-07-22,14.010070916672579
934,2022-07-23,16.492877142755688
935,2022-07-24,15.395866123607744
936,2022-07-25,14.722864416304628
937,2022-07-26,16.29979685914315
938,2022-07-27,15.683797314075678
939,2022-07-28,14.725733525758312
940,2022-07-29,13.86062866624451
941,2022-07-30,15.865862251541506
942,2022-07-31,15.497474106871763
943,2022-08-01,14.603406001762869
944,2022-08-02,16.40601308588915
945,2022-08-03,13.347614752054534
946,2022-08-04,12.752070443668744
947,2022-08-05,13.447199306016987
948,2022-08-06,13.956691304601256
949,2022-08-07,14.110486926397966
950,2022-08-08,13.492523309894455
951,2022-08-09,13.954209396881035
952,2022-08-10,12.22083242985123
953,2022-08-11,14.788217471707615
954,2022-08-12,13.136285249516579
955,2022-08-13,14.211657189452797
956,2022-08-14,13.314991251607548
957,2022-08-15,13.30894095028402
958,2022-08-16,13.303931179160438
959,2022-08-17,13.065939423257714
960,2022-08-18,13.147147219002688
961,2022-08-19,13.721932421646473
962,2022-08-20,12.479852894381391
963,2022-08-21,12.885117629683092
964,2022-08-22,11.981423892042356
965,2022-08-23,13.40861866466232
966,2022-08-24,11.19177906011459
967,2022-08-25,13.571140969701387
968,2022-08-26,11.634461534896499
969,2022-08-27,10.15068291064286
970,2022-08-28,11.618849620724427
971,2022-08-29,10.72145776899448
972,2022-08-30,12.157421851490449
973,2022-08-31,10.580954740198493
974,2022-09-01,10.706753379692001
975,2022-09-02,9.185337229319114
976,2022-09-03,10.547120454455994
977,2022-09-04,8.50272776602196
978,2022-09-05,9.272539153267441
979,2022-09-06,11.549368355202132
980,2022-09-07,11.509963898056894
981,2022-09-08,11.087550339854031
982,2022-09-09,9.635784546490996
983,2022-09-10,10.498475180903709
984,2022-09-11,10.48878602700523
985,2022-09-12,9.283019510685751
986,2022-09-13,11.896588335462692
987,2022-09-14,11.225184120702707
988,2022-09-15,10.084330340528851
989,2022-09-16,10.292508008753892
990,2022-09-17,10.43720084165694
991,2022-09-18,8.15315962525203
992,2022-09-19,9.916685701024509
993,2022-09-20,9.453750232202378
994,2022-09-21,9.10889849046678
995,2022-09-22,9.807123804790644
996,2022-09-23,11.866545886914977
997,2022-09-24,10.693274368592867
998,2022-09-25,9.46776789921023
999,2022-09-26,10.60099376381446
1000,2022-09-27,11.420183827932084
1001,2022-09-28,10.940836527062432
1002,2022-09-29,10.074167563046602
1003,2022-09-30,9.36889663574705
1004,2022-10-01,10.718315916251688
1005,2022-10-02,10.420800365622842
1006,2022-10-03,10.932693107630897
1007,2022-10-04,10.685817590126325
1008,2022-10-05,11.116302984237779
1009,2022-10-06,9.55057482696764
1010,2022-10-07,11.425214996694805
1011,2022-10-08,10.330377510513074
1012,2022-10-09,12.235935921751736
1013,2022-10-10,9.50231775797057
1014,2022-10-11,11.961225635644327
1015,2022-10-12,10.459846080746553
1016,2022-10-13,9.650098581328981
1017,2022-10-14,9.86010961422147
1018,2022-10-15,10.069013473290605
1019,2022-10-16,10.86176656985337
1020,2022-10-17,11.011537649312492
1021,2022-10-18,9.968951730142363
1022,2022-10-19,10.57508024478748
1023,2022-10-20,12.801306484340433
1024,2022-10-21,12.44898259068175
1025,2022-10-22,11.222951381444773
1026,2022-10-23,10.892586642376237
1027,2022-10-24,11.045318449551916
1028,2022-10-25,11.612238090877078
1029,2022-10-26,10.052069306775232
1030,2022-10-27,10.896314766054214
1031,2022-10-28,9.566602461526916
1032,2022-10-29,11.718548023171632
1033,2022-10-30,12.053278888260298
1034,2022-10-31,11.012249990404657
1035,2022-11-01,13.161347180532001
1036,2022-11-02,10.456063421722373
1037,2022-11-03,10.31444106344541
1038,2022-11-04,12.1027455549019
1039,2022-11-05,13.027332769587996
1040,2022-11-06,13.768537101384242
1041,2022-11-07,11.732504855384294
1042,2022-11-08,13.37922426586352
1043,2022-11-09,12.373533019791529
1044,2022-11-10,12.353224431219791
1045,2022-11-11,13.525601852701055
1046,2022-11-12,13.41260200144787
1047,2022-11-13,11.304437613375896
1048,2022-11-14,14.480099966766769
1049,2022-11-15,14.508525131329696
1050,2022-11-16,12.62985402797399
1051,2022-11-17,13.780275861200725
1052,2022-11-18,14.00959399795329
1053,2022-11-19,13.909327583401126
1054,2022-11-20,13.233399235804766
1055,2022-11-21,13.249053623160169
1056,2022-11-22,14.033978444599873
1057,2022-11-23,15.372960318108088
1058,2022-11-24,14.88633328498678
1059,2022-11-25,14.116382933375892
1060,2022-11-26,15.404681147737172
1061,2022-11-27,11.932104247693726
1062,2022-11-28,16.0787139849891
1063,2022-11-29,13.341130147566385
1064,2022-11-30,14.870849620075806
1065,2022-12-01,14.267574603774063
1066,2022-12-02,14.247980123121184
1067,2022-12-03,16.86032407835001
1068,2022-12-04,15.390005381283997
1069,2022-12-05,16.363747956226394
1070,2022-12-06,16.131143394997665
1071,2022-12-07,16.817160935163372
1072,2022-12-08,16.58018782862416
1073,2022-12-09,15.38476234690467
1074,2022-12-10,17.829505597683422
1075,2022-12-11,16.506014420897547
1076,2022-12-12,15.610721484416594
1077,2022-12-13,16.90767259247118
1078,2022-12-14,19.005935461828233
1079,2022-12-15,18.525640166772444
1080,2022-12-16,17.497814914430272
1081,2022-12-17,17.669014635622066
1082,2022-12-18,17.869149818740954
1083,2022-12-19,20.440702984874633
1084,2022-12-20,18.91966835379909
1085,2022-12-21,19.1421102053763
1086,2022-12-22,19.917195247389035
1087,2022-12-23,19.301001437893866
1088,2022-12-24,18.978877405185763
1089,2022-12-25,19.21763317644066
1090,2022-12-26,19.518750753211457
1091,2022-12-27,19.729753495466937
1092,2022-12-28,20.671432871404452
1093,2022-12-29,20.172729769579846
1094,2022-12-30,21.03050651565723
